story_cluster_id,published_max,source,rep_title,rep_url,event_type,is_security_related,article_count
6,2026-01-13 13:37:45+00:00,Google News,Eutelsat orders 340 new OneWeb LEO satellites from Airbus - Space War News,https://news.google.com/rss/articles/CBMioAFBVV95cUxPVjd0ZzhET3lQRFpSaUxiVV94WXVFSkZpSjdSem1uZHpDS2RDZmJqY2xNWTVBX1BPR1ZkcW1BbzRwdjFGYXd5TjY2T2MwME03YnU5ZDNURl9XS3BNMUVBdTBZemE2Y0NrZjJzRmxKTTNRY20ybUZ2TlF6S3N2b3VHYzRWa3lZcnRzZ3o5dTUzX1ZVMTNTeHN0TzZaYlZHRk9W?oc=5,satellite_deployment,False,5
16,2026-01-08 09:35:42+00:00,Google News,"NordSpace‚Äôs Atlantic Spaceport Complex (ASX) Receives Landmark Environmental Approval, Prepares for First Orbital Launch - The Fayetteville Observer",https://news.google.com/rss/articles/CBMigAJBVV95cUxPWkNfOWFyNS1BYWpWWExySmY2OEZRUkhLdlEzYXBoQkpMTllVMjlNV2RsLTdSWVpMdnRPQkxIS1BSaVo4VDlaZko4Q3J6MkItZC1oMnN1c29yeHZFM25ZblpWSVlyWkFncm0yWnUxZWNxUEt2cTJnY2E5Z3VPcU00UGplblJISWtLTXJhelE5OUlGWU9iZDFqQUloX3FSeTJMRUN3UHRzNko0X0ZUS2d3X3drcDZ2a1pIMEoxcFRjS3NtZUwzSmV5enkyZmlQYjkxWWFheDBQOFpBSXg5U2FCN05kYmVjcVpDOFhJR29wczNkak5VVUxtYzRQTXdmdWNS?oc=5,launch,False,4
26,2026-01-14 00:35:35+00:00,Spaceflight News API,Live coverage: SpaceX to launch midweek Starlink mission on Falcon 9 rocket from Cape Canaveral,35353,launch,False,3
12,2026-01-09 00:14:13+00:00,Spaceflight News API,NASA Crew-11 Will Return Early Due to Medical Situation,35233,launch,False,3
14,2026-01-08 14:48:45+00:00,Google News,Northrop Grumman Secures $94M Navy Contract for Second Stage Solid Rocket Motor - ExecutiveBiz,https://news.google.com/rss/articles/CBMifkFVX3lxTE5MNGFYQUg0a2hlSElvZEJwR2pkWTJ1YzFRcXQxU05tWUN2U3FSeUE2NUowMUYycmxqVVYyOGN3WkQ4WDAxdkFlaUFqczBWcDUza3V1UzlPbUctbVZKcXpHLUZHUU9GQlR4NEViYXFZZzRsWGhlbFlEdERWeXdqZw?oc=5,launch,False,3
52,2026-01-14 13:00:00+00:00,GDELT DOC 2.0,SkyFi raises $12 . 7M to turn satellite images into insights,https://finance.yahoo.com/news/skyfi-raises-12-7m-turn-113000234.html,satellite_deployment,False,2
17,2026-01-14 11:30:00+00:00,Spaceflight News API,SkyFi raises $12.7 million to scale satellite data marketplace,35381,satellite_deployment,False,2
21,2026-01-14 08:39:59+00:00,Google News,Daily Report - Air & Space Forces Magazine,https://news.google.com/rss/articles/CBMiZ0FVX3lxTFA2TmFSbXFMTVBueVJGcUU4YjVicWd1WWVPUWRGSmhLaktRR3luLVI1SVpwS2lJMngyMWtLVk82Zm5SMXVPVHcwdl9uYnh1by1DQjViUUgzSHJucXQ1bG5GUHZIMm5Da1E?oc=5,policy_or_corporate,False,2
69,2026-01-14 07:08:24+00:00,Spaceflight News API,NASA Back for Seconds with New Food System Design Challenge,35372,launch,False,2
5,2026-01-13 23:13:09+00:00,Spaceflight News API,"NASA to Provide Live Coverage of Crew-11 Return, Splashdown",35350,launch,False,2
27,2026-01-13 21:57:03+00:00,Google News,First Nine SDA Missile-Tracking Satellite Structures Ready Ahead of Time - The Defense Post,https://news.google.com/rss/articles/CBMiiwFBVV95cUxNb0tpeVR6Y3lOWlhtTnJoNk9CMnBVdDBzUTRueXpRcllNdkJxX3BsZ1VycHlyUW1JYVgtWFNWZGRWNlIxbzhHa3BCRmM0ZHAwTEVOZjJib2VicHVZdnI0U0pYaVpnTXFUZ3VrRzZFel8tYjRwTXVFSTFSNUhTbEs5b2tJNGYzY1F6S09F0gGLAUFVX3lxTE1vS2l5VHpjeU5aWG1Ocmg2T0IycFV0MHNRNG55elFyWU12QnFfcGxnVXJweXJRbUlhWC1YU1ZkZFY2UjFvOEdrcEJGYzRkcDBMRU5mMmJvZWJwdVl2cjRTSlhpWmdNcVRndWtHNkV6Xy1iNHBNdUVJMVI1SFNsSzlva0k0ZjNjUXpLT0U?oc=5,security_event,True,2
4,2026-01-13 14:27:41+00:00,Google News,Pentagon to Invest $1 billion in L3Harris Rocket Motor Business - Defense Security Monitor,https://news.google.com/rss/articles/CBMisgFBVV95cUxPRnR6eE9KMGl5ZzRPQkVpT3c2WlpBeVJuUW9OMEFhZF9YOVJxY2ZhcGpzRU5KVmc1NVBMS0xybTVPSzRpWXNVSU82Y3o3X2VxS1NZRDQyZWdFOFBqajYxbkthZ2pfM1A0YzdhRGt5bWVNeFo2aE9vam1LYnN3THFyZ29RVUo5V3dSWkdzRlRoUnQwYkZZRlZPLVQySENYel9RUUl4WnM4Z2tURzY3Z2NOMEJB?oc=5,launch,True,2
54,2026-01-13 13:11:10+00:00,Google News,CRPA-Based GNSS Anti-Jamming & Interference Mitigation Solutions for UAVs - Unmanned Systems Technology,https://news.google.com/rss/articles/CBMivwFBVV95cUxPa2FIaTlVeEZjWmdTb3QzZGNDa1NOLTdQUk84ZFJGclBnbzh5cENqSHEtQWVrQU96d3E1bVRHWWl4OWVwcTNxc3pqRlhEb2pQVTVSZXJPdzNqTlRKTUNWSlBsUUV0Vl9yQV9PZGYwTEdYRUJfRkdvWGljU2RNSjFZdXVqbWdwcjV1LWI5Y3hKMnZCVHVhRDRtckY5Tm1aSGc1aHRENjVIU2ttTldIZGVhbFJMN0VRc2RDbTk4Undfcw?oc=5,security_event,True,2
8,2026-01-13 12:54:46+00:00,Google News,The Supply Crunch for Solid Rocket Motors - RealClearDefense,https://news.google.com/rss/articles/CBMinwFBVV95cUxQTkl6c3BMTWRQcVhDaDhVZjRIalJTSmRra2pqdDlnTW5PT1dTT0g2UDlidnpoNm95eHZZeklxekZuUmdHSHlsZlhsYUFpNlVnZnl3WDl5LXVWdDFTcEZwU0tLWDlNWXRqZDFKc3BXR1VmTHQ5WFNXYm5iVXdCRWVpUTJheF9LM2Vuc3huRmlHVEVvVnpFZ25Xd1NtQlhZeFk?oc=5,launch,False,2
1,2026-01-13 00:13:56+00:00,Google News,SpaceX launches 29 Starlink satellites into orbit from Florida (video) - Space,https://news.google.com/rss/articles/CBMingFBVV95cUxNUXhHQm5TbzZtcndtNThSRlQ2dFdjUGxwdmNFSW5NM2FySXhMR0k5ZjZpZ2hHZGw5UExFbm45aDRuMm9RY0ZuYkRqdThjSFI5YVZzaWtrTkZmTm5uekdKRjhyUGV3VEt1SWFRUm1fc0l3ODQ1M0dXZThDR0tWVUlLZ0hwLW45Qk01bUhKd1pyWEprUHM2MVZBcjd2Q1U5dw?oc=5,launch,False,2
0,2026-01-12 14:08:39+00:00,Google News,"US Space Command Taps SpaceX for Missile Warning, Tracking Satellites - The Defense Post",https://news.google.com/rss/articles/CBMigwFBVV95cUxPZnlyTHU4aDFWc1dFVVpDdWdsZXZFM2xuNTZWS3NrLTJRSUJQRUZFWVBFT3lHZ1kxUjVMS2FjZTYxbnRHYV8wSGZhb3FyTG5qcXMybmktVm81VWVfaVhzV1FmQVhkelNUeFo4c05VOW8xUU9rTkZzV3hPRUNJVUtFbDhaUdIBiAFBVV95cUxQMklhMlRBNkI4SWxRNGgtY0E1V0Q0SmdtYklIbHpQOUc2OVFtaEV2b0QxYkkyeG95SklOeno3RGZ1NXlPakpzY2pPd0Q2ZWdDOHZpX0I5UjlFbFFoRmVOZFQ0ZnVjNlJGQnNFY3g0ZlZQcW9lYzQzbmRaNFkwckY0Z0xIem8xdW1p?oc=5,security_event,True,2
53,2026-01-12 14:00:20+00:00,Google News,"Exclusive: Israel poised to launch defence privatisations in months, says government official - Reuters",https://news.google.com/rss/articles/CBMiyAFBVV95cUxNZ0pzODg3RzFOcEhrdnNUQ0RGd2NyYWQtR3p0Q0c3WHpkeGYxWE53UmdGcVJiM201Yld3REVXZ0xZX3FoaGRIVG91Z3dScU9SR1djcWw3UklRcmk0dFFrbWZWcW15NTVVRGZlU3gyUTRFd3F1Z3pfVU1RQlJ4QUs1MHhIQ29waUtaa2Q1S2ctY1R6ZllzUW5qZUJDSk9qQmtyQ1BDM1NfTHBwaFVJNWh4a2pxVzVSYS0xSFlSZnFwZXZRNEdIcUh4eg?oc=5,launch,True,2
25,2026-01-12 05:34:23+00:00,Google News,ISRO launches PSLV-C62 mission carrying ‚ÄòAnvesha‚Äô satellite - Public TV English,https://news.google.com/rss/articles/CBMijwFBVV95cUxOcElZaEV3eFZIY0EyRmhXM3J0SDktT1g2Z2NzYXoxYV9uTUtnSHFZbWwxQjFjaVoyUm9Nc2NIUGtjbWVnVnZKWE5kTUhfN0l0OGJ3ejNjSDloRkdXa2R6Y0xtbUF2UHEzRlE5bzlHWC1fdTNjbVFUbnRPbWtWendTSHlmOGxubHlJN3J5a0tLZw?oc=5,launch,False,2
11,2026-01-10 17:13:08+00:00,Spaceflight News API,Space Force awards $739 million in launch orders to SpaceX,35268,launch,False,2
3,2026-01-10 11:00:00+00:00,Google News,Secretary of Defense Pete Hegseth tours Long Beach rocket factory - Los Angeles Times,https://news.google.com/rss/articles/CBMitgFBVV95cUxOYjZtWWhsWlJxamcyYmlzX3BIYjV1RC1obDNLMklja2xWNjVtMGdkWnZZNEJOWnkxNE1GeEZiTVlva0p3ellaYnY5NjZpLVR4dm02bXdVRDA2X25FbU1WeFFBVmdodFcxYjQ0M0lSdGs5R2hNSG1yMkZnUWd0aTZGU3FBUFVMOTdSbGhaZzJSbktET1RzbEk0OFJnYXBieTZyUEM5Qm8zS01rX1pMdncwMjBfLXVmZw?oc=5,launch,True,2
10,2026-01-10 04:03:00+00:00,Google News,"Israeli strikes kill 11 in Gaza after failed rocket launch, World News - AsiaOne",https://news.google.com/rss/articles/CBMijgFBVV95cUxNVWEyY2ZxQmNCT1BXREt1bnlERndEMFAwbUNvblRjOTR5OVNtUVNlbjlRODBsVGI4Z2JyVlNBNGRqUmxlMS10UjlJbFNaS0p0ZWhVQWIwZEt5OS04WFcyNVpGRVd0Sk50amYwbW1kd0xFVzNvUE1RWXh5cnBCZzZNejNGYVpaY0g1RFZWWXh3?oc=5,launch,False,2
9,2026-01-09 22:44:07+00:00,Google News,Pentagon chief takes ‚ÄòArsenal of Freedom‚Äô tour to Rocket Lab - SpaceNews,https://news.google.com/rss/articles/CBMiiAFBVV95cUxNbW5FZ2ZGMnIzZHZVSW1oczNIb09TWTRUdXN1VXdxZWRtVV8weUh0bnQ2UWZXTzh4WEI2SHNHZFFkQk5WVm1faVYtV2lWTzBCWEJISnZBbjRDaEF0cWxwZlR6ZHE2bVgtUzAwZzdoVzhjaGZnRjNfSWlCZTZkNTFacGJ6YVlZb1dD?oc=5,launch,False,2
15,2026-01-09 14:00:00+00:00,Spaceflight News API,The Space Force will acquire and integrate systems faster in 2026,35252,policy_or_corporate,False,2
22,2026-01-09 11:00:00+00:00,Google News,Rhea Space Activity applies optical navigation to military rendezvous missions - SpaceNews,https://news.google.com/rss/articles/CBMiowFBVV95cUxPSE1GdmpqUFVuOEFKT2E2TDc5bzRYT2FIeVB1NE9QT19EWXNQOG80TTM0clhxZzBvVjVhY0dpNzlmUDFKVmw4YmJxNGxIODJYOG5ycjdBa09yMU5pTVNsYk9uQVdSdUpIVHZiM2VJb2hvbThCamZfeEFkN3JORlROdFJCSmJnTkk1NS1oXzRLbmZraG1NcnJGVFN5cUdVbmdnTnBj?oc=5,launch,True,2
2,2026-01-09 06:21:00+00:00,Google News,Hamas says 13 killed by IDF strikes after failed rocket attack from Gaza at Israel - The Times of Israel,https://news.google.com/rss/articles/CBMiswFBVV95cUxQRVAzSXF2UVl6M0syTDkxeEpPcTJ4R3Rkbk1KM3loeUUyenFubm80NVVQLW5XdzZYSFZWY1Q3MjFFbFp1SVdwUUdRd05wc0ptS3h6ay1BazhVT2txUE53SE5LWjJTanVGQmhHeVhSMWNhMU1sZ3RCZEVadzZDQ3pXQ0REWXZBUnZzVV9qR0xtcVVLN3E4QXNJMlpNeXlNUHFXcXhtNGpYSDRBRVZ1c21sZ01RNNIBuAFBVV95cUxNcmxnbS1ocTFMWVVsMHpjZWJrX2xGX2VENjl2T2U2bUJ1ZU4xZ3N5dENOUFJWSDc4cy1Zc0NFMWNob3VIYmNyNlplZnRoZ292MHN6aFl3M1JrSTEzTnBrLVIzU2RVWHkxSWtnWDNhT1h6WmVHWnNrTUc1ZGEtQnFLMGdTQVNUR3BkZDZBRWdkT2NrdWVxQnF1ZW5DQlh4bnVQYzRCUkpZbjdxaFB1RzVseHNobERxb0ZG?oc=5,security_event,True,2
7,2026-01-08 22:51:48+00:00,Google News,"Air Force, Space Force announce acquisition changes amid Hegseth‚Äôs reform push - DefenseScoop",https://news.google.com/rss/articles/CBMinwFBVV95cUxQcnAtTmdHRGxnNkZNcnZRMzdSemdwYzM1SkRDTDc5YktBekd5VlNfSmJuX3VmeTJsOE02eUg2Z3VmaEZEdUwyUFlPOVh4M3VwUVhORm9tZFl5aFIwc1Z4YTdMVVl3Rm1QZGZhVFBWalZnUmU1UmQxYXpLVV9HS1dLaVM3LWJ3UUZGZGJvd3lLYlRkbDhwNUlSbW1aSS11dUk?oc=5,policy_or_corporate,False,2
34,2026-01-08 12:32:10+00:00,Google News,"‚ÄòOverwatch‚Äô From Space, Cyber Ops Foundational to Maduro Mission - RealClearDefense",https://news.google.com/rss/articles/CBMiugFBVV95cUxNTFA3QnRmUmFyZHJfLURoR1ZpdDZ4ZGR5X3BPU1FRRU9UbUQ1TUU4S1RENU5BYWZJeV9TX1dQVXloWWM5aGFQd3lxU3FXQ3pLeXlaY1ZmUW9jSEl0TzJaV0QxeEdNWmVqQ2lHMnRlNkJQLUVSRFF5b3lsVXM0YzhjTlFZY1VLUlB5bWU1c3JGWWtNWXRCZVFFbDVRdkRPb1oyX1JHWVF6NERfS054SUVOLVk4X0lfQVlqUlE?oc=5,launch,True,2
32,2026-01-07 19:33:41+00:00,Google News,Testing Laughing Gas For Rocket Propellant - Hackaday,https://news.google.com/rss/articles/CBMiVkFVX3lxTE1CWjVYR0loMnFtU2M4cGVBaDU2Ty1yVEoxUE1xZkhZRl90SVFoaVduNUlCOEZacFhVWFlkSm5mRzM4ak14eWdMMW4zOExBMTdURkUzNHB3?oc=5,launch,False,2
13,2026-01-07 14:53:03+00:00,Spaceflight News API,Space Force moves to standardize satellites with ‚ÄòHandle 2.0‚Äô contract,35187,satellite_deployment,False,2
153,2026-01-14 13:00:00+00:00,Spaceflight News API,"When allies can‚Äôt count on U.S. ISR, commercial space becomes strategic",35384,security_event,False,1
169,2026-01-14 12:35:53+00:00,Google News,Does Expanding U.S. Defense Work Reshape The Bull Case For Rocket Lab‚Äôs (RKLB) Space Strategy? - simplywall.st,https://news.google.com/rss/articles/CBMizwFBVV95cUxOODA5Z1hJazY1SmxOc05xdWd6NHJHcXlzdG5UYUkyeWtJdDQtRW1lZHZkZzF1TW5tbVNnY0JQMV9BYlhQMDJsUHZ6d2FkVTVUMkwzV2NSc24zSG5uUFdUeTFEMGtXQ1R1T1dGbWhEVFlVSXkzeTdSOE5jVnU1S1pnTUFaQWQyRzVrZ000cEprSGc1Q0tCQXVSV2h3OEx3VEhYTUhvQ2h4Y1FMTVJGTlhwcTNmVTduaV96STI3eFVTR1B6ZEFJVDNKZnNrZFlKc1HSAdQBQVVfeXFMUHlBbFprcy1VN3E1dEtyX3VSSmJXclZDTVlCX2xlOXpwakdoZ3ZPbG1WaERvVGl3cE5YeDlUc01ueUZjQXZMXzQ5dnpKLVNNN0RJVGxTdEE1cFF4RG0xNHMxNXRpdDdBVGRqVUpPMHd0cTFzMEdySFpMRXVMdGRmSWZjM1VyRzNwUWlPUXlMVlZnaGdvU0MydndNV3p3REN4bzY4QUtFT3FRT0NnTkVoU3ROeVBkYzM0ZHk3M0phY1Bhc19zMG5BOXFUZDB2UzJDblYwc3Y?oc=5,launch,True,1
141,2026-01-14 12:00:00+00:00,Spaceflight News API,Space operations will become more dynamic this year,35382,launch,False,1
236,2026-01-14 10:47:40+00:00,Google News,Astroscale UK set for in-orbit satellite refurbishment mission - The Engineer - Home,https://news.google.com/rss/articles/CBMimAFBVV95cUxNNmVZaHhTdVd1elV2RDJoZGxBWE9XRjhTTjhhYWlReGswaGxKdkVsalRqM3pQcUY0WkxIV1FTRjg0U0plS3BYUnloOFZPYk9pQTV1bVBrX3d1ajh6OUZLNkhiM3ZfbllqYnlJUXpuN0N4ZjREUmRvQzFWell5SDRTUzE4b194bXZ2QXF1N2ZpMUJ4eVRyN0VqaA?oc=5,launch,False,1
165,2026-01-14 10:46:43+00:00,Spaceflight News API,"China‚Äôs first launches of 2026 send Yaogan spacecraft into unusual orbit, loft Guowang satellites",35380,launch,False,1
164,2026-01-14 10:44:25+00:00,Google News,"Hackers Launch Over 91,000 Attacks on AI Systems Using Fake Ollama Servers - Hackread",https://news.google.com/rss/articles/CBMidkFVX3lxTE1RMzlHRlhBVklGd2lpbF9CWjlEZ1hPS2tmQTIxU250TU9uOUxGRHN1UDRIQlVPZF9fSGNXMEtNNkFHWjZQVlFCTTJReFBHWDJZT2MtUmZISlpaUjJscmhaOHNtM3ZCVVBhODlGcE9iRWJZREZGUkE?oc=5,security_event,False,1
134,2026-01-14 09:24:47+00:00,Google News,US Dams at Risk Are Spotted from Space Thanks to Satellites Like InSAR - We Build Value,https://news.google.com/rss/articles/CBMia0FVX3lxTFBMZDV1R2lfNnJHTWxVVEdEQ21nTTJNclZWbGc2T01aWG1EU2xTeWpSV2M1cWl4TU1Kczd6R0pZQU0yM3RYcm1zRUtXMG5KcTItbGY5cWlEYkFZOVVkbDQyd0FpTnE5ZklOdzNF?oc=5,satellite_deployment,True,1
192,2026-01-14 07:32:44+00:00,Google News,U.S. Department of War Invests $1B to Expand Solid Rocket Motor Production - Defense Mirror,https://news.google.com/rss/articles/CBMiTEFVX3lxTE03NkFqNGhKQTk1WFVaalg2TG9XY2lURjFZbUlTaE56QTVuTmlqUDI4Uld2RHk5ZU9sZVRGVDZfN0hheFZTbzJIaTAzMEo?oc=5,launch,True,1
121,2026-01-14 07:08:24+00:00,Spaceflight News API,Blue Origin and Nimbus validate fuel cells for lunar life support,35366,launch,False,1
149,2026-01-14 07:08:24+00:00,Spaceflight News API,Space station study reveals unusual virus bacteria dynamics in microgravity,35363,security_event,True,1
174,2026-01-14 07:08:24+00:00,Spaceflight News API,Indian rocket hits snag during launch,35359,launch,False,1
177,2026-01-14 07:08:24+00:00,Spaceflight News API,Aerospacelab expands Pulsar navigation constellation work with new Xona satellite order,35370,launch,False,1
231,2026-01-14 07:08:24+00:00,Spaceflight News API,Firefly prepares Alpha Block II upgrade for Flight 8,35362,launch,False,1
119,2026-01-14 06:01:40+00:00,Google News,Strategic Disruption from Orbit: Space-Based Capabilities for Irregular Warfare in the Indo-Pacific - Small Wars Journal,https://news.google.com/rss/articles/CBMikwFBVV95cUxPbUJmMzd2R0E4dWRsa0cxamNLajdUdHhmZGtOMXNoZndWeWgxZzk5VEdCNFNGUzFHUC1qeDZJWU5IT0pYQXBpQ2g5bVcwdWN0el9zQml6eldwc0lLSndISlBtMW8zNVp0MDBZN05hd0hmdS11c2xEOHp5TjQtLUN1YjFsMGx4d0hJVGt3Nm53dGNMNVE?oc=5,policy_or_corporate,False,1
159,2026-01-14 06:00:13+00:00,Google News,Chinese risk study finds space solar power stations could zap satellites - South China Morning Post,https://news.google.com/rss/articles/CBMi2AFBVV95cUxQWmVHdy1VZjNyRi1UUHo5LWNjMThQOG95ZHVVbXhUX3JiYXVldTNfR195VkM4OW02dEZlTzJsWUlpU1FSZU9jazd0MklnSFFIYjhva2hIdm1VZ3lSb0sxd0VwbVJndEJQY0ZFcVlETl9fVWdTOWlMWnY1QXUteEtURndoWWUxcW14cDJuZXFVWV9GVUdoTGRqVENvRjJ6TlVlN2xZRU56X09tZjFaajBWUUxHU0xyck5GcndTeVVyWkVaQmF2cDhFUnM2YW9yemZYWTF1TjM3RlTSAdgBQVVfeXFMTXJtVm9qYjRVVi1za2Uxb050VS00ZWdJb3EydEtzQk9uYS1Tc05iQVBFSU1rRW9BUEgwTTFNbTZvZFBNanJXSTBaOE81cDNFbjhQT2ZzT25rTjQwTFVQTEFYbFVSMV8zdi1hWVhDd2FndzFwWlJ1eXotZ3hxbm5VMlZVNjlrT2tGMEN5TTB6WWYyalRRQ0xlNDB3Snpka3cyNVliTlJ2NGFoQ3ZTazJFQk03UUdBM0pRTGNVczk2enljZVdjdGdnb21MLTcwZW91eXVvQkdfVTNW?oc=5,satellite_deployment,True,1
135,2026-01-14 05:57:59+00:00,Google News,W5 Technologies LEO payload extends MUOS coverage into polar and remote theaters - Space War News,https://news.google.com/rss/articles/CBMivwFBVV95cUxQNFlsUnRrdExEclRpZVZCY05uWlJOZ1BDa1I3Rm4wd2paQ1FWV2QzNVVrQWZkcklrUTNINjRDZ01YV1psRTFiUmVvcVFrOG9tTHBKTEVEbVZvWWRNWDdJOHdsR1BsNUhRZGdLeHVFSzhCdE5KbE1FLVdiWjZhaWZuTmJleUs4aFVsM2JsdmUwQ2dOVXJ1ckdBa3laSGViM1o0WkpVaUd1TWtnVDVTOEhoWDlsSzJXcmNnN3NQV2ZaZw?oc=5,satellite_deployment,False,1
175,2026-01-14 05:57:29+00:00,Google News,"Multiple satellite filings demonstrate transparency, responsibility and ambition: China Daily editorial - Space Daily",https://news.google.com/rss/articles/CBMi3gFBVV95cUxQNHZ6U2ZQOWRQbU5pYzhWbzJ6Z1dGS3YxV0NMbGhmVmdETVpQTUNNdHdtU0R3aWM2MFgxU2tDX21oWEtuekJEcVphbGpDQXpuUk1adHNpbnM2YWMtUnY1YnZJTzllc2pHVTVaNEdHVEpYSUZDRF9DZ1BYSUhfcGVSMEtIeDhKTkFYcDltTU9acVZZTHJ3eUtySmVEb1NwUEQ1LUdEcG4tSjlYNmNPcTFhWlc4S3JRdUV0TWN5LWpMXzFIUUpHX2lycXZlOWxBOE5xUV9hcDNFdTQ4UlNmTHc?oc=5,satellite_deployment,False,1
143,2026-01-14 05:57:02+00:00,Google News,ThinkOrbital raises seed funding to advance orbital defense and construction systems - Space Daily,https://news.google.com/rss/articles/CBMixwFBVV95cUxQMnliRWRRQXpITXhRZExQM3hOLTBZV1QtNTFqZGJnbWJVV0w5RmhLaDFCWGk0Qm1jVU5KWFFBMGFnSGo1aG1QbTNNRnJEVS1VcHRXOTRLWnhVajJ1cV9KaTFkUXhtRG5RSXVZTWh3c0NGcGtjM1g3RmIxd3pkaTdwbXA5NlBTdWFPSDVoVVlUVncyNXVuNVVjeUt1aW9yQVM5bGlGd0ZkMWpKWkVLRTlyTkNxaUMwbUdpcUEwbFBTLVZXcWN2VjNZ?oc=5,policy_or_corporate,True,1
127,2026-01-14 05:00:00+00:00,Spaceflight News API,Fires on the Rise in the Far North,35358,satellite_deployment,False,1
218,2026-01-14 02:42:35+00:00,Spaceflight News API,India‚Äôs workhorse PSLV needs to solve third stage issue following second consecutive failure,35356,launch,False,1
213,2026-01-14 02:15:10+00:00,Google News,Space Force‚Äôs Newest Weather Satellite Feeding Data to NOAA Forecasters - Air & Space Forces Magazine,https://news.google.com/rss/articles/CBMiiAFBVV95cUxNY2o4Mkw3WmVMUVhJMG1fbGJKQ05ZMGVBbjFpem9rVFM4dTJEMnBRa2cyc3VzeW9SeVJkeEVURWxlWUhXWWxYdUh3Mi1BOEQ3QVVuTkJua1B4TE52cUo0TWpGa1hQY0VCMk1FdlVMamhGMWw2M0toV3VGR1JHeGNIa2kxeTFTak42?oc=5,satellite_deployment,False,1
158,2026-01-14 01:37:53+00:00,Spaceflight News API,Firefly to upgrade Alpha rocket to improve reliability,35355,launch,False,1
197,2026-01-13 23:42:02+00:00,Spaceflight News API,U.S. Space Force switches rockets for upcoming GPS satellite launch,35351,launch,False,1
180,2026-01-13 22:42:00+00:00,Google News,"One satellite survives PSLV rocket failure, transmits data from space for about 3 minutes - Times of India",https://news.google.com/rss/articles/CBMi7AFBVV95cUxPa3ZrYzdBT045cFZPVmU0UEw4QjdCc0hHdWE2SWFOVl9rQUR6cGJQcnZLMndTTy12aXV0SkNRMnlmQVlZODNNOThlRUVsUGpFbDV6ajNobW9ySWMtenJGbG5TZVhDenZQeTRkZDNUaEtvZDNMd2h6ekZHOW9xUEpuQ3oycGtJY2w1NmYxSThxcHh6M0FLQm9Pc045d1pmeHJoVmpHQkk1bzRaNGFDOXFIQ0pzb1U0VExvcURuODBpMEs2YzNZN3F4ZDNfeGgwTWNGakRqR1laY05haGJNY08tSDV4QUFROHBjZ2tIRdIB8gFBVV95cUxOOEY4U2hQNDhqajR5RmtEeFQyd1Bzc0NjcExGaXlWX2VQSTE5Zl9lNEdEd25maF80b1g4VFdTZlBkY2JrbFZ1d21LbG5TV1QxWDZYUjlMVi1QTENJUDI2UWRuUWtEQWliOHVfdzItTlZjaWl5MFFvaVg2Rm1MLTZMLUFReG5nRlZWWVJySEhYSHBVR2hjNWFtUHdET0M4UzVZdmRZaHVQLVBtVUVTSmpoQzNCYkRPSzh4OEJkNGtVWHIxWWNWUHl0WE1OWjAzbUxfVWJZcTRrbGdLUXkzMkZNM3k5cDBsYWN0cUZoOElTYTBLdw?oc=5,launch,False,1
120,2026-01-13 22:36:00+00:00,Google News,Rocket maker with Camden plant signs $1B deal with Defense Department - The Arkansas Democrat-Gazette,https://news.google.com/rss/articles/CBMinwFBVV95cUxOMFJ4YlBOb2I0Rm82aUhpRGlMekk0dDhhX2RDR1FiOEI2NzhfRXhraWRXU0praE14emVMRVZ6VDRqbUFUbS0yc2xRU21kM3I0TzlyaG1tT1FBY1ZpYnlrdkRpQm1CNHZ0cVFLOHpvNDRxZm5aM2tFbzMxbzRHbV9Kc3NoaE9jMVFPQ0Z0TkNIcFdDc2w0NWVmaG9vZHQxTUU?oc=5,launch,True,1
178,2026-01-13 22:00:00+00:00,Google News,Japan looked to the skies once again with its H3 rocket until the engine malfunctioned and minutes later the plan began to unravel - ECOticias.com,https://news.google.com/rss/articles/CBMi-gFBVV95cUxQeUtWYmdWWEpxRUd5dklPbVRRQUt0MGV6UWxpckRCUWxNUHRoT1VVcUl4YlByT1NQSjl4MzNfTVc0VHNtOVcxSTRvekNBXzFtSkFWc2s1b2xmVTk0ZnVPcHQ4WjItNHRkeVlkemFwcm9nbXZnZzVwNnU0SGpIa1pnTllNOEhiX1dSdS1qckNGTS0tX1JRbjk4bTdXdjBHcDBHSVY0MlpEUk1SQ1doSXFTc21IX196SVg4X2lFZTQwOGl2YVEwWVNLNmI5TUFqb3hPbDhabjZuU3hCTUJnU1NnN1o3Z1g4cVRCcGVkaEw3TGlyMjZvTW4wM2RB?oc=5,launch,False,1
183,2026-01-13 21:52:55+00:00,Spaceflight News API,Starship launch infrastructure progress at Starbase/Cape ahead of 2026 Launches,35349,launch,False,1
136,2026-01-13 21:22:13+00:00,Spaceflight News API,ESA and ClearSpace announce PRELUDE in-orbit servicing and debris removal mission,35347,launch,False,1
211,2026-01-13 21:20:21+00:00,Google News,Intuitive Machines Completes Lanteris Space Systems Acquisition - Via Satellite,https://news.google.com/rss/articles/CBMivAFBVV95cUxNejNOR3VPVm1JV3p2R19wTzdyeUlNWXd0SDViVlkxMGpGdnFQdVJ4OUdaQ1h6OE5nSlZoU2JvckJWejYyWmZGV0lPS3BCZnlrZWhHMWVyanZoeDU2eE05R2JPMUx4NE9rNnltSHFLLXpPR2FZYWxrUG1YbHdUcTd1UU1EX2JHT1JyeUtjN1Z5azV6alBYYkMwMi1QazlWVEVBTTJNMWdaU1hFMnZFLS1KdWk4MWhnLXpHWWdTZA?oc=5,satellite_deployment,False,1
196,2026-01-13 20:02:59+00:00,Spaceflight News API,Pentagon commits $1 billion to L3Harris missile unit as ‚Äòanchor investor‚Äô,35345,security_event,True,1
234,2026-01-13 19:12:56+00:00,Google News,Pentagon to invest $1B in L3Harris spinoff rocket motor firm - Defense News,https://news.google.com/rss/articles/CBMirAFBVV95cUxOaGJzM0tieVlyVUVLeXNaN3JfRFBjdTM2OWVDTHRRRnF3amVObEFvTGRsVVc1TW1oNk5NWVFmZXJqLUJtYlZuck1ZRU50Y0FVaTVKV2tucG9kc2NqU1NVQW1mbFByc2RDTXg2MlMzbVdZLVF4ZTRyS0FXUzNnMXpHXzFtMUFCU0UzMVV6VG4wYXBWb3FETjRjUExEUmZMSEpiU0NoaGpteXZpbW1t?oc=5,launch,True,1
227,2026-01-13 19:00:49+00:00,Google News,Scientists Watched Viruses Attack Bacteria in Space. Things Got Weird - Gizmodo,https://news.google.com/rss/articles/CBMioAFBVV95cUxOSjRQaGUtMzg0YmNsV1NadXVfeHdCV1AxWEE5Y2ltVkhBb014RkZRU1NmRVdidi1meE5OWTZaN3J4MHcwWlF0LTd5WEFJdHVfREtxaTVhUnhfZHQ1OTBqSHFPREpjZWFNcjJDamNlOHRla18tYVdFZjluY3p4c0t5TWpsSjUxcGhUdTk3THFUWGtlSjl1cThKWUJYdVVkMjM1?oc=5,security_event,True,1
147,2026-01-13 18:03:29+00:00,Google News,‚ÄúSpace Flag 26‚Äù: How the US Space Force Is Preparing for War - The National Interest,https://news.google.com/rss/articles/CBMioAFBVV95cUxQU1UtSXZ2bndXSHlDMUZoRHZKRDVHd0s2bHJZVGtZRVlROS1YUmRoT3JMaDVqMjEwM29makJlN2NjTkVZSVF2QUdYRVB0UVhsSlNCc1kxa21mdWdha2UzcnQxUDFSdDZ0ajhnX0RHYmt4ejhKOC1uQTRoUkFiVzU1ZHNSeGdOTmpFV2VQbDdKWEF1cm1wNmk4VW1yVGRiSmtk?oc=5,policy_or_corporate,False,1
124,2026-01-13 17:41:49+00:00,Google News,"MIO: Memories in Orbit ""Threats & Tension"" Trailer - GoNintendo",https://news.google.com/rss/articles/CBMikAFBVV95cUxQd3JIZVl5eHpYQlFES2I3Y0QzODRYNjlvZUV0ZGxZVWNESmVUMUU5NXBMR1NTRnBqcW1qMmgzam0xMnZGNVpVbVJUdlZTMkUxV0RvWjhRRE5pWDQ0VUp4TkVIRWZPTTJQNmtmYkNqVzAzd0gwRDRHSmotM0ZvZjVJdDZWOVlUbXJ5RUhhSTAxTWE?oc=5,security_event,False,1
170,2026-01-13 16:00:00+00:00,Spaceflight News API,There‚Äôs no end in sight for a space ‚Äònuclear renaissance‚Äô,35343,ground_infrastructure,False,1
122,2026-01-13 15:09:06+00:00,Google News,Russian investigators launch criminal case after nine babies die at Siberian maternity hospital - ABC News,https://news.google.com/rss/articles/CBMitwFBVV95cUxNdnpENlBUS3dKQzh0LUQ0eW52SUwycklSM1dIaUhDR1NFbnQzSGNYcWhHeHpJMGJqTVl6MVdRT1FoM2Vqbmc2N3kxdGRDZWhkblY1OE9meFNXS1BBYWs5dW4yc3ZvVWd0ZVBwX2Q1NExXbzMzUTBtR01JbTZfdWZ1WEU4WEZKb0o4WXZRUzFPRmwyVlEzRWpzUmxZZ0tQN3ItR01uWDUwRDNPT0JWZnJIWmhmWENxbW_SAbwBQVVfeXFMT0ZRbVpRanR2UkpNc0ZmMjFId1dqa2tXYVFzeEYyTFYzQURnMTBfaWlJZHBKUzU0MU5pOUYyMTFteFo5eFRxTzhfeVJ4VkhBcVVpeTNvR1ZTUDBGX3UyN1VSREVROHJRUGdjUl9fcjNQVDJiNGFnS1Q1c2pxdGgtRDloNEQ2cVFBLXB2eVpyMEdhZHRVZ3l5cTNUMUx0RTQ3dHdidEZfM2MzUnZNRVg5aW85SWVQLWlLWmo1SVU?oc=5,launch,False,1
60,2026-01-13 14:50:49+00:00,Spaceflight News API,PH-1 test flight advances Chinese reusable suborbital spacecraft plans,35330,launch,False,1
209,2026-01-13 14:50:49+00:00,Spaceflight News API,China outlines mega constellations in ITU satellite filings,35339,satellite_deployment,False,1
198,2026-01-13 14:26:35+00:00,Google News,"Precision multi-constellation, full-band GNSS antennas for autonomous platforms - Unmanned Systems Technology",https://news.google.com/rss/articles/CBMiiAFBVV95cUxNWnl0WE9obTlqckpoRzVGVU03dDdfTGxnRjZEQVRIV0VfVGQ4bE9iekZpWXVGMmkzbHhQTy1lMDlFMXplc0RBeThLVG9nSVhtbXZrcldoMFlLdldaU0l2cExhQjFPUDl1MGpGLXBxbnhvUm1MVEcxNVNjRmw4OXdlSk1EOFFBaF9t?oc=5,satellite_deployment,False,1
224,2026-01-13 14:23:34+00:00,Google News,Orbion Space Technology Delivers 33 Aurora Propulsion Systems to York Space Systems for Defense Constellation - news.satnews.com,https://news.google.com/rss/articles/CBMi3wFBVV95cUxOODhvTTYzQmFpTFZVNmlpS3FkWllTdGpUMUVjVC1OaGxvVG9haVhkcTFXTUZxSEZheW1icWpHVnRxWTc1NnhqRHpnQTRKbnB1QVhEWThYNWxrNmhTTWo5ckpDcU5PMy1FOWNSQXE0eTJHcVJ1R1lJTWhmUGdESDB6eUdFdTF6WG5sQTBXMDk2bDFpUzI3bE41UEQtbVY0c051ZTFlTlFObUI5REROcllNOVlOZVpfNnFocDdlZzZjd2JEb2VfdllQOXQ3aHhiVklDS0I1UjhpZHhrYlAxbjNZ?oc=5,satellite_deployment,True,1
194,2026-01-13 14:04:48+00:00,Google News,"In Space, Survival Is Strategy - The National Interest",https://news.google.com/rss/articles/CBMifEFVX3lxTE9aaEFUUHBZU3YyUy1OZC10V0l1akZLUmwycVFnQlY3QmdhYWN4N3VXYjVfWDdzUmI1WGdpQnFJQlpnMFFqYzItQ2FhZXN2dEE2aG5SU1Zxd3B0T1dKTENmRG04WlR4Z0I2OG9tbmdEUXE2b2s1Y0FWcXIyazY?oc=5,policy_or_corporate,False,1
59,2026-01-13 14:00:00+00:00,Spaceflight News API,Space Force wants competition. Satellite makers want stability.,35342,satellite_deployment,False,1
195,2026-01-13 14:00:00+00:00,Spaceflight News API,Turion Space Corp. Acquires Tychee Research Group to Accelerate Autonomous Space Operations and Mission Engineering,35341,launch,False,1
166,2026-01-13 12:32:24+00:00,Google News,ESA - 10 asteroids named to honour ESA‚Äôs role in Planetary Defence - European Space Agency,https://news.google.com/rss/articles/CBMisAFBVV95cUxNWFVKTTRHLUxnXzJlM0E2SndxSTRTVVltYVgtMm1kdFBPVTE2Rk8xN0pnSDctUGJGMWFhRmUxbnl4RW5QSUxSeWxQY2ctWkxwemJoem8wdE0wSnNhQVlRMFZ6Uk9pM0lUak1DT2M4Z0lOUkw5QTVzcklQT2xFUXFTZVFJd2k1MFh4Ti1OeldQQ3NLQ3hEWjdBcjZSMVE3VHY2bEFrZHFzSmZUYS1UTHdtTQ?oc=5,policy_or_corporate,True,1
219,2026-01-13 12:32:23+00:00,Google News,SES renews ADF satellite communications deal for six more years - Army Technology,https://news.google.com/rss/articles/CBMijAFBVV95cUxOeGhSbUVBQ0NYbElqaTNmLW1HemJXWkIyUjBhelQ2dmNpbWctOXRwQ2lEWXRRMF9JRWQxOGI5X3RUU0FzY1ZjOHJna1RXR0VxVUJ1Z1pJVXowdmt1aHJNbTY5dktJMUU0QkVQZGRCb3NmYm9pVEozLVExVVFpMWdnUGswRzc3bGx2b1h4ZA?oc=5,satellite_deployment,False,1
186,2026-01-13 12:13:58+00:00,Spaceflight News API,ESA Adjusts Scope of Phase 2 of its LEO Cargo Return Services Initiative,35328,launch,False,1
97,2026-01-13 12:00:00+00:00,Spaceflight News API,2026 will be the year of space nuclear power and surviving the lunar night,35327,launch,False,1
208,2026-01-13 12:00:00+00:00,Spaceflight News API,Orbion delivers 33 electric thrusters to York Space for U.S. military constellation,35326,satellite_deployment,True,1
220,2026-01-13 09:00:00+00:00,Spaceflight News API,ATD water-cooled throttleable engine firing,35322,launch,False,1
137,2026-01-13 05:01:00+00:00,Spaceflight News API,A Plume of Bright Blue in Melissa‚Äôs Wake,35321,satellite_deployment,False,1
138,2026-01-13 05:00:00+00:00,Google News,AI‚Äôs Evolving Role in Space Strategy - Pointe Coupee Banner,https://news.google.com/rss/articles/CBMipwFBVV95cUxQcm54UzZueG5OQVFNLVpkbmdnT01nRXFnZkoxeTJCZERTbG9pbm5EdFY2cF9wNjlFWFZTVUFtdXI4R1V4OVNPcWNJWk9lMzJfcGY4U042WjhMeDRTeFZaN0lIQmpwSmdBcFEzaUE5c3VTYTZGQjVPUWhFX19IbzZKcGFrSVo0ZXUwQjVNMk9kWXdLcFFXVExUaDNhMFJxZDVyQXkwN2dDVQ?oc=5,policy_or_corporate,False,1
235,2026-01-13 05:00:00+00:00,Google News,AI‚Äôs Evolving Role in Space Strategy - Rio Grande Guardian,https://news.google.com/rss/articles/CBMinAFBVV95cUxObHFxM0RmaTlnYTVYb2h6UmdPVktTSWZtenB5ZkhMV2ljdXljUk9adDVQNVVoNnFqWWVTRFNiUmlqY0RsZ0x6LWg4eUdwM3FFTFoxcnRjT2xQNkNNWkdCUURkSWZaYWx6YjNDeWVSSFFBcHBobXRFQjIxLWZSZTlmc25pOHJsend3cGQyNmlSZ1EzanctNHZBdDJCNTI?oc=5,policy_or_corporate,False,1
160,2026-01-13 04:05:00+00:00,Google News,Quantum cameras could remake space-based intelligence - Defense One,https://news.google.com/rss/articles/CBMiqwFBVV95cUxQNFZSVkYxNlU3SmtLRUNVeUVMNzRTN21yOUtoVWRQUFFDQjk1cDZSUTlmWVVLM0JRaGNyTWtKbF9HRmRFQTlMSGdYU1lGWmZiaFNkM1RxbklDdE0tTERyZXNmbkJkcjQwNWFlNFRVMmJKTnVhUTYzVnhTSmZmTnZySlI5eUhtZUhodEktaUtDY1dZN3hveGNQek5uS3JJZGdUdFlrd3M5a2JiQjQ?oc=5,policy_or_corporate,True,1
233,2026-01-13 03:49:09+00:00,Google News,Space Force Awards Task Orders for Missile Capabilities - MeriTalk,https://news.google.com/rss/articles/CBMijwFBVV95cUxOVXlMVVl6QjcydWkzT1hIUm5Pa2FfcGExV2pyN19WRXNMeThfZ3h1MzloLUYzLVEzcUg0bjlxTmdpaTR2eTloUW9ONlpzR1FZUFUzcUpVblM5ZTd0VFlicVlHZG1MYThWRUdiTkw1Sl94RThWQjA4Zk1kV1RSNTZhSzNMOHZtNElXZ1pTaUZlUQ?oc=5,security_event,True,1
204,2026-01-13 01:34:37+00:00,Google News,ISRO fails to place spy satellite in orbit - The Hans India,https://news.google.com/rss/articles/CBMimgFBVV95cUxQYVlvRDI0Y2h4ZkdPRUdTcFI4eDNvcmVkZjdTR0Z4TEYtOXJ5T1JuNldUTnpsb2R6MkFRSkpqeU5aWWhDTHdKWUxBRng3OV92dXNGSXV3VXNoSEZjQ0JUUUVFdVZpam9hcjl0TkVkTTk2YUJqNUMtcDQ3aWMxZVR4MjZ5UnQ2M2FMRjRsR2xybzdXUktQT0MxUmJB0gGfAUFVX3lxTE9RbkdWUmFBa1BrMm1GMFg1ZTZZQ1ZTVHVOMDY5V05kZ2t4YVNHTkNhRkV1djlvRUV5LWs0V3Y1T0kyQmRsdnRuWHlEV01EdlFhbHBfdEJ4blNaSGVuTjNjY25RUFVObG9rR0ZOOWFhSVFhR0RleTNRU1NVQkk4cV9WdjRoWV9XcndEeUJtSlV4Zy0ybl9hNGNtNEtCSGg5RQ?oc=5,satellite_deployment,False,1
207,2026-01-13 01:18:46+00:00,Spaceflight News API,ISS gains new commander as Crew-11 prepares midweek departure,35319,launch,False,1
150,2026-01-13 01:02:02+00:00,Google News,New Head of APAC at Advanced Navigation - space & defense,https://news.google.com/rss/articles/CBMidkFVX3lxTE9iQ29MbWFlMURzOS1jUkY4SERVa290aFNfTEhyb0pBRXg0OWw4T1k0UmNhLTVTcHVTWERRNUZLUmFKMTlNUjdPMWIwdVk4TGRncXhZY3JMNko1SmVGYmF0b1Jha2VoTkFYWXRfVVFrTlh5MWNuRGc?oc=5,policy_or_corporate,True,1
185,2026-01-13 00:00:00+00:00,Google News,Astroscale UK Awarded ESA Contract to Develop World-First In-Orbit Refurbishment and Upgrading Service - Astroscale,https://news.google.com/rss/articles/CBMiowFBVV95cUxNalJIc0FoV0YwbzJXWDFURldDbTIyQzJpWmUtNWpEZnFTQ211MDdzWHZrbGlIQ3hDVDlSVDRybVBNT0FBeWF3U2V0bWZzejViQk1pdFoydnZUUWhjUDlOZkJoWGNqYkl0d0h2LTg3NHV5YW1OUXk4azRjVlFXTlJJVTF3NFBRUzRvYVJqNGg1VXJqZEhtWXFNbG1VNEhJdnN3MVpv?oc=5,policy_or_corporate,False,1
212,2026-01-12 23:25:02+00:00,Spaceflight News API,"NASA, SpaceX Invite Media to Watch Crew-12 Launch to Space Station",35316,launch,False,1
84,2026-01-12 23:24:50+00:00,Spaceflight News API,"Launch Preview: Launches from China, U.S., and Norway scheduled for upcoming week",35317,launch,False,1
129,2026-01-12 22:43:30+00:00,Spaceflight News API,A Quarter Century in Orbit: Science Shaping Life on Earth and Beyond,35314,launch,False,1
131,2026-01-12 22:11:31+00:00,Google News,Tesla Cybertruck Added to Rocket League & Fortnite (Video) - Not a Tesla App,https://news.google.com/rss/articles/CBMiU0FVX3lxTE1RUXQtSEJfNG5KN1AxRWNJZnpGU3gyQ3JJS1ROQnRncUdkSXhlTHJwZnhFU1VxWG1udE1nSE9qU045dEtaYnZUVFY4RWVhd0RmN3BF?oc=5,launch,False,1
162,2026-01-12 22:08:00+00:00,Google News,13th Hawkeye 360 Satellite Trio In Orbit - Defense Daily,https://news.google.com/rss/articles/CBMiggFBVV95cUxQUVZVQVBzT1haSjM0dWhFcU9xS1ZGWGRFWEUyQ1BSakQ1UWxvWHVlTmJnT1Vxd1FPeTkwXzNYbHJ1VTVoODVQNzZPeFAxdklYazM3YldGM1JkVEVNeGRBZFBhNUVlblE5RF9iVjJXRXFoaWFjcWtMeEcwc215N3Z3azBB?oc=5,satellite_deployment,True,1
228,2026-01-12 21:27:56+00:00,Spaceflight News API,NASA Invites Media to Cover Artemis Mission from Johnson Space Center,35313,launch,False,1
116,2026-01-12 21:18:50+00:00,Google News,Swedish Armed Forces Sign Sovereign Satellite Deals with Planet and Iceye - Via Satellite,https://news.google.com/rss/articles/CBMi0gFBVV95cUxQeXozdEstNTBOblZNNDJTN081cDQyTlVCZXU0eERDNTk5ajVETko1ZE1JZ09OXzRYNWg2cUhueEwzMUc0d2FodmR1d2dBSVRiMXl0VmdxRVdsdVR2bTYzR2FaQldpQTdEWlpTa2pVSTFUd2lySEFRS1VFMk5tdGV6NXZHLVY0aHhzRXkzY00xU2ZsOVdCT3NYUTEwN3dvQ19PbjNPRjkxZnFGYTFvaW5DcEsyWTlrM0p4cTZud1RhRC1mU2FYdmEzU1NqQ3YyaG5rU1E?oc=5,satellite_deployment,False,1
98,2026-01-12 21:09:07+00:00,Google News,Iran seizing satellite dishes amid blackout to block any external access | Iran International - ÿß€åÿ±ÿßŸÜ ÿß€åŸÜÿ™ÿ±ŸÜÿ¥ŸÜÿßŸÑ,https://news.google.com/rss/articles/CBMiUkFVX3lxTE82WlhfNDA2SjJBQ0U1THRnQXZubVBvcVNESExNeFJydXlZazE4dDZ6Y1o0T1ROQWtGbS1QdzFXVDZ5REdWOE9HUlZYdGxOR1YwM2c?oc=5,satellite_deployment,False,1
226,2026-01-12 20:58:39+00:00,Google News,The Commercial-Defense Convergence: 2026 Trends to Watch - Via Satellite,https://news.google.com/rss/articles/CBMitAFBVV95cUxPV3lpVXFnYWNPd1NsNXp3SnJhV0czdERQX0c5ci1wbkx1cE1BeFp5cWJyZ1FFTmRUMmZ3TUNUUk9sVnRPUFN1VjdEcE1tU1Utc2h4ODVUc29IbUhtNk42NUFVbG4wUXNORFo0V0MwNVhELUVUa01jS3dCd3V6UzU4QkVldXN2OGNCeHg5UHlHZ3gzbWhYZmVlb2hNbHh4bzB3ZFJFc09RV2FxWHo2TGJzQ2JLTE8?oc=5,satellite_deployment,True,1
133,2026-01-12 19:22:02+00:00,Google News,Threat Actors Launch Mass Reconnaissance of AI Systems - Bank Info Security,https://news.google.com/rss/articles/CBMilwFBVV95cUxQbHVMX3N2OFllWHBWY0dRZGZVQW9HWkxLOWduWjJHRnU2UER4cWtCSDdqMzB0eHdOVUNmTXdrWmdwSXMtSDZ6T0loWTJSdG9pVzU4c1hGN3NoZk9MWXc0SVV5MXpWdW95MzZUdnhWUEhnc2R2azBzbS1ZcEIzSXZlbmlSWHdOYV9ZVXVMY1g2ZzZaV0ViVlpR?oc=5,security_event,True,1
67,2026-01-12 19:00:00+00:00,Google News,How Earth's orbit might help us find oil reserves within the planet - inkl,https://news.google.com/rss/articles/CBMimAFBVV95cUxONzQwTHQ2QmlCeTYxeVpoNFlDdm5aZzhuZ1BZcE5IMWs2dzBuSFJ4aEZxMWJvWWZhNGZJSXNIanZqQ3F5ZXdkZjI1RXVOYk9sSEZkeHNFbXBacGNwSWN4eHg5R3lMQ28xRmhZZzVwdDJkZ2Z6Q1JZdVVvNndpSnFiOV8ycnVXM2Z0QnNNNnA4QTdrZVFzaW9DLQ?oc=5,policy_or_corporate,False,1
184,2026-01-12 17:42:32+00:00,Spaceflight News API,NASA Stennis Engineer Proud to Serve During NASA‚Äôs Return to the Moon,35310,launch,False,1
130,2026-01-12 17:27:32+00:00,Google News,Interpellation to the Minister of National Defence regarding the establishment of the first suborbital rocket launch site in Ustka - MILMAG,https://news.google.com/rss/articles/CBMi5wFBVV95cUxPX2Vkbnh1OTc5YlFvdHgzM3hCTWU1RzRkZU9NQWk3aHdTYTAxVm9oSDR4NWliX1RGSkVzTEpxeVpaNVNNWFZzbFZ3cnZLSVZMakl2Wkd0dTJocmcwTFFtOTFhMnJOQklMOXhIMXAwU1U2X1VEaGtiZUZSXzlieS01T3pTRnExOUxzbTRxMVBQUUl5eDhyREVZMnJfM0k5YkdkUjRLa1RGZC13ZW1lcVJVNV9YYTByQ1RmQzVSaHlhS2dibTAyVDBBQ1F1Q3g3RHFvYmFYVUt5NTJET29xQjBFWWNkeHlyQzQ?oc=5,launch,True,1
221,2026-01-12 16:28:53+00:00,Google News,Thermal Equilibrium: The Dual Role of Isotherms in Satellite Operations and Design - news.satnews.com,https://news.google.com/rss/articles/CBMiugFBVV95cUxQZW4tT1dCNk1UdjVNSlRoS0hzQWtDbExvNVB1bFlMVnRPT1o3bjJ3THpWMmxpSWZFcmxZZUtNeEdqcWVwcmtXeWxWYjkyTE1rVXBXdDdiUlNpcGRScHNIbFhfNzg4YnpVU3VGS0JpT3Y5VmVlT3hMenZOejFiakVGSk5OM2xudTItTzlNSWx0Ny0tZlkxeXVFekdIZEtIXzZ6M29FTEZUcnNBUTNCazNMYmlhWmtwU3dfNHc?oc=5,satellite_deployment,False,1
181,2026-01-12 16:24:04+00:00,Google News,Australian Defence Force Secures Satellite Communications on SES IS-22 - SES Satellites,https://news.google.com/rss/articles/CBMinwFBVV95cUxOSGlYazBnV2RlY1lpVXhIVnRkaVpENkZLSzJFaHpPTnJRWXB5N2xTUExkMkdtNExVX3JoLTFEdUhQMUhMaC15OWNUNmxiNUo1d1drNVY2RENDbXhhVVVWY2EtV3QwN3M3QWpXQ0FtZExvekZFRE5EVnJSWFZUYjR2MW5RaW82LUZaY3p1YnFuMlhBeE4xbFJ0TlBQdG45LUE?oc=5,satellite_deployment,True,1
201,2026-01-12 16:11:30+00:00,Spaceflight News API,Tyvak International‚Äôs LIDE satellite completes initial on-orbit 5G tests,35307,launch,False,1
191,2026-01-12 16:07:00+00:00,Google News,"Satellite businessman objects to rash driving, attacked - Times of India",https://news.google.com/rss/articles/CBMiywFBVV95cUxOVmNrQTh6QlIzU2RsWDZWTl96alV0cElKeGl6SUxyWTFCcTRIOVpLTnlmaERmUEJjcVhTTG1JN0tLVGdKWWRRU3Y5WjVRWTFpREhDcDlkRHFzeEpod1Jac0hNYzJBTzh2XzVjZGpWYnk4MEpkOGxFWEZWRktSd0hmaDFTalFNUDY0NjZCa1RMQ2pkazJ3Ykh4cDVYRUlGd0hWTExNRXd5M2o2RmRfR0ZSdElzeEM2czFZVGR6cnpQZlJQMFc5NHV5TTZfa9IB0AFBVV95cUxOQVppRlBpVnc1WEFYSkc5N1RfN19CWDdOVXh5RWNmMmpWUFlPcFlXV1cwX3ZMQU1yTUNXOWZJMEVmaXVZb3l5T3oweHlhVWtmbHZua2RPc1BMMW1KaTVNYmdNTUxRWGNYUmR2eTNPdEJlX095RDRDQ3BJRXNnQlB2Y0ZpMFl1TGo3RS1ITjBRVzBoQnlBMHMxMi1FN3J0dHZ6RTBLd2F2Wjd2c1F3U1BzbGpJdFN2ODBPR0dCMVBlNmZ2U2FCNFI4Tng1RGtIOE9S?oc=5,security_event,False,1
167,2026-01-12 15:48:23+00:00,Google News,"Philadelphia Police, Wawa Launch Car Theft Prevention Blitz - 95.7 BEN FM",https://news.google.com/rss/articles/CBMilgFBVV95cUxQRWpGWUd3LXBJdkFPd3JSNW9RN3VMcThwZ1I3V0EtWTdibkYtMU11Mi16QlVWVEFhc3lOTDRXZFltanQwb3pxazhSeWtnS3lGQzhXdzdzSUIzWDd3SnZDUkVHZGJ0WWMyajJCUVl4UWNpYVpxT04td1Z3OE5xZnVCRExmNDdqVDRYOXV5VFVyR0FPWWlzakE?oc=5,launch,False,1
172,2026-01-12 15:32:48+00:00,Spaceflight News API,"India‚Äôs PSLV suffers second consecutive launch failure, 16 satellites lost",35306,launch,False,1
199,2026-01-12 15:26:00+00:00,Google News,Advanced Space Awarded Phase II Contract For Space Debris Tracking With IARPA - Los Alamos Daily Post,https://news.google.com/rss/articles/CBMipAFBVV95cUxOMl9hV2hWYmlzTWZqQ1dpdWJHcVNPb0pROTc1eGQ3ZmphRXFwMENHU0IzVGNweENkbGhnNVFGUEdoTVFoa0I0M2ZlUm5yUThmcS1BYWlsTFZwOGdaVFIxRnVMN044R0s1ZHR5SFplZksydHQ0Mlo0RVlGbDN1RnhmUlRrcXczeGRiWDJ0dG9BenNGZzJNMk5fOENPRnNFX1J0T2Y2eA?oc=5,policy_or_corporate,False,1
193,2026-01-12 15:22:23+00:00,Spaceflight News API,NRO taps Capitol Hill staffer Bill Adkins as principal deputy director,35304,satellite_deployment,True,1
79,2026-01-12 15:00:41+00:00,Google News,Birzeit University and the Public Prosecution Launch the First Accredited Diploma in Criminal Investigation Skills for Emerging Crimes [EN/AR] - ReliefWeb,https://news.google.com/rss/articles/CBMikgJBVV95cUxOLWhWLW1KODMwZVNJendMazdzVWNjQ2NobDhkek1WSERoNC1XalNfaEIzbGd2azVfRjlJTHVtQXJEYXNYTjl5bVlYdERHejlWbmxyYW1PMFNFZWdZcG1HSkQ1QTliZFE4QXBkWW1tVlp0VTluQVFtcDZIVXdLYS0tdnFXbW9xZlNBUU04NnVyMWZZQlQ0RUZtZUxPdDhLZ1cwRzZyNTBvLU9mVkM1VnppSmg5NGRDSkJfRjRDdU9PNlV0NHhRS2F0LW84dTFBMzVsd1p2dmVmZW5MVWJaNmlyV2lCV1lkV2dhWm0yUXdGU01wdFRnQ2Z6MlkzUTM4Q0RtT1NYWmVjOWQzMEtNT1RLZm5B?oc=5,launch,True,1
176,2026-01-12 14:36:13+00:00,Google News,US prosecutors launch criminal investigation into Federal Reserve‚Äôs Jay Powell - Financial Times,https://news.google.com/rss/articles/CBMicEFVX3lxTE4wNkF5UFZKQ1o1LW44RElscXFfQXU0U3U4Q1dZVk11Vkpra2F0ZmhYeTdZMUN5bXg5R2Y2Ynk5cTJzdEFYM2htQ2pZckVWZ1VMOWhaRHJSUW5YcmluRXM0dnFQc0s0RUtfbldXQmJCR2I?oc=5,launch,True,1
168,2026-01-12 14:19:13+00:00,Google News,"What is Starlink, the satellite service Iranians use to post about the protests? - France 24",https://news.google.com/rss/articles/CBMiqgFBVV95cUxNOUFzOXNPQW96elN1Zjg3N1A4eHBScTBrN0g1M1pQczlOenJXMmZoUEM1M1JQRHNEMm02a1owb3FTeFVNWTRWZTB0WnZOQXQwYkdZcUR4N0FnbGsyS0EybjJIeWhLTEJrR2tVdmh3N1RydGxrcURITkNsb0VjV2RvMDlkTGNscllfOXpJT1llNU1ndVFLbWhpa0gzbVI0YmZVejhiRXFfSHZsdw?oc=5,satellite_deployment,False,1
87,2026-01-12 14:17:00+00:00,Google News,X-Bow Completes Preliminary Design Review for Mk 72 and Mk 104 Rocket Motors - PR Newswire,https://news.google.com/rss/articles/CBMizAFBVV95cUxPZVp3STkyOE9JSUhVbDlZa0xXelBjdlZkTjhuOGlBRVFpZ1Fybmt0bmIyZWwzZURQRndRRXpIZlE3TEFXV05KOFU4eTkxQllhTzJXOTNiZGkycTB4NDV3SkNLRkFxRjRnSk1fRFI3ZkR4b3RmQmZPTlpHV3RQY0xhRGZtRnRlMW9QM09hT2N6Z3NkN1ZIaWswemVIek51QUVOSkpqRl9pUjgwSHNoTjR0UXV5eDB4LUNXX0dTNTJTUWxfU2ExMFl4UXFTZDU?oc=5,launch,False,1
161,2026-01-12 14:13:50+00:00,Spaceflight News API,NASA Bolsters Golden Age of Exploration with Technology Priorities,35300,launch,False,1
229,2026-01-12 14:00:00+00:00,Spaceflight News API,Space¬†is¬†becoming¬†an¬†industrial economy,35298,launch,False,1
163,2026-01-12 13:50:24+00:00,Google News,SpaceX set for Falcon 9 rocket launch Monday from Florida - WFTV,https://news.google.com/rss/articles/CBMisgFBVV95cUxNRmxLTk1KQkY2Z0NGZUhVZ0RlWTdIcXhKRzRmdFVpNlhJRGxCekU3R041SEtBRFU3cVVGbUE1bVk5YXNydW1fY3RUVkxGeUNNWm1fUzkyR2VUdVIzWmpnM2FyRVpDbDVMOWlMVWhEYnh5ODNpckNMMUhncG5CNEZuZVpnc3VBbjVObGlmUkVVU01fSkhmQmFsSkhJTjlHNThxdkpPZ2hkeG51aks4aTBzVk53?oc=5,launch,False,1
105,2026-01-12 13:49:49+00:00,Google News,Secretary Hegseth visits Rocket Lab and Divergent - VoxelMatters,https://news.google.com/rss/articles/CBMiiwFBVV95cUxNbUNuOVMxYXRmRnh2aDBiM0RSdFpMYW5tOU9HdHFnZTYwRm42Rm0xZy01TXEtRzZIX042dnh3M3JaSjZIaXNtUHdLb1pLNmhMOWJWSTFQRnNhVElYR0lhcVhJYjlLNU1JZjBuYV85LW5lSEVUcHhmMTFKLThnTVFXanFLVmxVUHhfRTIw?oc=5,launch,False,1
206,2026-01-12 13:30:00+00:00,Google News,A $1.5 Trillion Defense Budget: Implications For The Air Force And Space Force - Forbes,https://news.google.com/rss/articles/CBMixwFBVV95cUxObWZ0cUxOS1hpb1ZQWkxKdGF5MEVET0p4c3RpQVhjcERCcWd6TEo4dTRGajBwUGpUeEZuOTlTZ3ZwTnJrTDZRYnZ3YWV1cjNwRTVGYXR6R0pDRTVYRlRJQkRjNXlOdUlmaHd2TndIWE5penp5VHdtYks5b2N0UGlPSjViajltQ3diQ2cyUXM1Ykw1UGZLWFFxc1ZYTUh6YVRjbjZYOHVYMlBfd2RkUFRXNjdkeUVQOFMybHR5NFFGVGN5Rmd4VlVz?oc=5,policy_or_corporate,True,1
82,2026-01-12 13:00:00+00:00,Google News,Iran Escalates Deadly Crackdown on Mass Protests as Trump Threatens to Launch Military Attack - Democracy Now!,https://news.google.com/rss/articles/CBMiYkFVX3lxTE5uMmZTVHdmb2NNU0tSMlRIT2RaSWRPdklWLWZMbFJ5ZGlBZ0VVZ05jYmM1VnVRYVhKMUxNeXg4RUJxRGVkVXNlOWVCcnZVVHB6QVpNX2ZNVEVJa0xTRTVWZnBn?oc=5,security_event,True,1
215,2026-01-12 12:56:38+00:00,Spaceflight News API,NASA outlines path to Artemis 2 launch,35297,launch,False,1
222,2026-01-12 12:00:07+00:00,Google News,"üõ∞Ô∏è Barely launched, a military satellite hit in space - Techno-Science.net",https://news.google.com/rss/articles/CBMinwFBVV95cUxNejg1c3pDbmRncllLdjZtYTllc1p5U3prM1ZXY096Q2t3RVZ0Nm1TcTlNQnZLa3dyZ20zRncxazFzcFpBZzN5Ukh0QnN5UUVDRHk3NWV1ZmpwdW9BakEtTEozQUNQWkxlVGVJNC1Pck83dE1JbElvRWlFZlJtN0FQWkVGT0JiY0MwMkVvQ3dzRTFOYUszM2xZNGh1aEJBdk3SAZwBQVVfeXFMT0dkSV9UemxmOGdzUTZQdWh5WlJKSFV2ZTdpUmdxU0h2djQyTHQ0RFdIbDJWaTlDQnUtbWVoUjN2UXdTcVpZM3VDU2NldkZLVzg4STk2akhDRFVoaW9CQ05zcFFsa3I2WmtPUUhLWGhQRURKQUtYemJ1ZVlEWU1weURTdkgycFVkaXF5Z3FDeGpIVkJubnZPTU5UazUt?oc=5,launch,True,1
189,2026-01-12 12:00:00+00:00,Spaceflight News API,This year must bring greater collaboration against orbital congestion,35295,satellite_deployment,False,1
155,2026-01-12 11:48:53+00:00,Google News,From the Horn to Orbit: Somalia's spaceport and T√ºrkiye‚Äôs technology diplomacy - TRT Afrika,https://news.google.com/rss/articles/CBMiakFVX3lxTE01VnVjdlBDcWFsSDcxRW55UkgxaGVOQ2Y0VWxKa1pPclprOFVSUVNvWUpkMmg5V2pBeWlHeTdBSWJ1T0k4ZFJEMHludGQ2bWM5TGY2Q3RfMnhwNFFNX1VyZjdMdUk0OUlTUEE?oc=5,ground_infrastructure,False,1
96,2026-01-12 10:33:34+00:00,Spaceflight News API,"India‚Äôs PSLV launch fails during ascent, 16 satellites lost",35293,launch,False,1
230,2026-01-12 09:57:11+00:00,Spaceflight News API,MDA Space wins role in US SHIELD missile defense program,35282,security_event,True,1
103,2026-01-12 09:21:23+00:00,Spaceflight News API,"China files ITU paperwork for megaconstellations totaling nearly 200,000 satellites",35292,satellite_deployment,False,1
205,2026-01-12 08:25:48+00:00,Google News,"Outlook 2026: Embraer well positioned, but new airplane launch fraught with risk - Leeham News and Analysis",https://news.google.com/rss/articles/CBMiswFBVV95cUxPQWdKWUdSTF8yUmJ3YllrTENKSFRqSUVXZ1dWTV9FQlUtQU85V1Yya05NN0dlcmN0Qlh5ajFCZnhVbVVGcVVqaHg2RjBGUjUzRHVIWDRacDEtdHZPQnpWdF9ud3ZDMDlxS2lIX3cyakFnTWFsNDRUQ0lZRnZGWUZTYmlWWUQxWDA4NTUzQXNsWWZtSGw1dXZWRm11OGRydUxXbzVSQ3lHM3hSX3RUNTVET0d3VQ?oc=5,launch,True,1
154,2026-01-12 08:01:58+00:00,Google News,ISRO fails to deploy foreign satellite for first time - News9live,https://news.google.com/rss/articles/CBMimwFBVV95cUxOY0VOTnU4RVV4dVBsSy1YQ19mV2JsallyMDRjZlh4NUZvanMwZ2dyeTlTM2lVejhjaFdWYWViQmZWaTRwbmR4UlJUWk16YldJWlhGQUR3RmM2a2xwTl9KYXMwQ2VhOVN3R1FlelYwT2dka2U4aFNuZ1dCQWdmTm84MG1tYktMQ1h1ZU9ZdWRWOVBXVzI5U1FBRi1YQdIBoAFBVV95cUxNcWR0clFBNlI1c05XYzZzMU9qOS1vTjBZSUpCX2M5TGtHS0pzYVBFMDNPamhOc2EzNGxQaGcxeGZtTnNCUVF0RVVicjEwdFhPSzdoZTZjYW1nUFBQdXRhdXFnNjFMR3A2REJMTS1sSHF1Y1IxUjk1cFJQaGFCaWRpV2FXbWRTdEx3TzN5dUlmSHdnUk9RbzRiOU5oZVlOYWFq?oc=5,launch,False,1
128,2026-01-12 08:00:00+00:00,Google News,Japanese commercial firms as drivers of Japanese space policy - The Space Review,https://news.google.com/rss/articles/CBMiWEFVX3lxTE1iMFV1VUY3UlVaQmF3empiVlY1ZTlnMnphZS16dkJ3NmhTcV9HUGVOUmxQYnAyVEV0WHRvZ19YbDRDcE54UXE0bFJmQTZmSmNMRnBjZjI3ME4?oc=5,policy_or_corporate,False,1
68,2026-01-12 07:28:16+00:00,Spaceflight News API,"‚ÄúNo Urgency‚Äù to Upgrade Vega C Booster, Says ESA",35279,launch,False,1
83,2026-01-12 07:03:21+00:00,Google News,"Cybersecurity 2026 Forecast: AI Breaches, Geopolitical Cyber Wars, and Space Threats Explode - The420.in",https://news.google.com/rss/articles/CBMihgFBVV95cUxPZ01WZl9WM1ZBYzZhaUpfNzhtQnQzOHpxRkFFR2tBZFR6OS1ZYk8xa3dySElaWXA4X3BxR21fZkx1aG42XzZGbUN6eVRZMy1wZ3ZQX2hzelRfTXU1bUFpLXhpYTkwemdZanRXN2xyWGg4U21vMi1Ya1NUSWYyZWNpczEydTY5QQ?oc=5,security_event,True,1
182,2026-01-12 06:55:00+00:00,Google News,"üö®üáÆüá∑üá∫üá∏ IRAN JAMS STARLINK: FIRST TIME, 80% TRAFFIC DEAD IN HOURS Wild escalation in Iran: The regime rolls out military-grade jamming to kill Starlink inside its borders, 1st time ever hitting Elon's satellite net beyond their usual domestic blackout. Pr - x.com",https://news.google.com/rss/articles/CBMiYkFVX3lxTE1ZMGVid2ZYaWd0cUoxeUJ5VjBodWt4OTdrZjJvVEZrMzFON0N3a0JiVW1LWHJaa0t4UmdNMW12dDZiVDE4WEJFeGV1dmJ6NzRnT2l0dXVkdzhMUlBqemlIaF9R?oc=5,security_event,True,1
142,2026-01-12 05:28:25+00:00,Google News,Indian PSLV rocket apparently fails for 2nd launch in a row (video) - Space,https://news.google.com/rss/articles/CBMitgFBVV95cUxQdGdqS1RQS3lUVGphTDZiNFJVSGZOSC1uUkF2SXBNOHRJMUFmLURYUk1VYklNdUdmcGRSbVBIbFdLNUkwMG4wLTdqQlFLcEM3bjU1bmdQbEdwVE9SWFc2MDFablRHVllmcmJjLW0wTDBiTW9FV0wyVGlSYXQwZlRQanZ6dWR6R3BoQVJyTmtIY1lkZ2VwTmp4UWhnWHZZMEpJLW5ZME9sb1lUZk82SGZGREJzaXU1QQ?oc=5,launch,False,1
203,2026-01-12 02:12:21+00:00,Google News,Panama and US Set to Launch Canal Defense Drills - The Tico Times,https://news.google.com/rss/articles/CBMiiAFBVV95cUxQS3lIdWpiQkZsM0N6RmF1UkwzUXc0RDlTVUJVaXFiOFN3b3pkYmxnbnhWWVRXMHJKa2UzUTlvSTBSQXU4UmNyR3BXV3ZjOHBUQkplMUh5TUxkRmlWUmtid2lpLUlYVGcyM2VSdXN4YUM4emNuRkJMOHhUUXB0OXdsa0hsa3JlVkhy?oc=5,launch,True,1
173,2026-01-12 01:00:00+00:00,Spaceflight News API,Susan Schuh: Supporting the Humans in Human Spaceflight,35277,launch,False,1
118,2026-01-11 22:53:46+00:00,Spaceflight News API,"What‚Äôs Happening in Space Policy January 11-17, 2026",35275,policy_or_corporate,False,1
144,2026-01-11 20:25:02+00:00,Google News,Basketball Recap: Elias Torres Leads a Balanced Attack to Beat Satellite + How To Watch - MaxPreps.com,https://news.google.com/rss/articles/CBMi2gFBVV95cUxNUzJ4ZjNaem5KQTUxcklCTDZacDE5QzVPZHphek1zVFlQNkpubWJ0NGdfWkxRSklEWjh4SVNON0FsMVB5NWIwS1RfSE1MMnJVbFRPWlhOVUFMdXMzTUlGVkZPajlBczkwVUpqQUNwWDVuWFJWTHVpRWhXYzRTODQ1X1VPYTZYV0FfUlRmdEh1UmRLUlVHOVBobS1HVWNudzFmVDR5UzJSUEZFWTlJYXVuQ05QM1NadGZuNVh4M2xwMHg4bjhaT2pUNU91NXFqenVON3o0eFZzVEFUZw?oc=5,security_event,True,1
187,2026-01-11 17:41:00+00:00,Google News,"200,000 satellites: China seeks approval for one of largest satellite constellations - Interesting Engineering",https://news.google.com/rss/articles/CBMikgFBVV95cUxOSkczLUFsWkdUX2RIaTNzelh0S1dyZ011ODdVT3ZVeFRyWUMyYnFOa1h6TWZGTzRpWDVRWHU0bVVhanY0RG5abUpqS3BjSG1XcTZ0UjZNTG50MXVQMGNsMFJyTFJvMER2Vk9sRlJPa21ES3IwUzFfcFJpVVVHWm03dy1BcldFQUNQc2VHWnAwYnJVUQ?oc=5,satellite_deployment,False,1
90,2026-01-11 13:30:00+00:00,Google News,ISRO satellite ‚ÄòAnvesha‚Äô will help detect India's enemies from space: It will image Earth in 100 colours; h... - Bhaskar English,https://news.google.com/rss/articles/CBMivwFBVV95cUxOcHVXQ0trYVpZRVRPVWx4ZUdOSW1iVTlRVDAzckEybERkODU2dFg2VzBIRVBtR2R2OTdvRTFCeXNpUEM2ZnU5WTRiQlNaWVpGeGtxNGU1RlR0YVdQWDFYVmFZQmxYMDJfUUI2R2hQbnZOWVdreF9CdmUwTkEtUjdESmNhM0EwLTVEUXNhUmtoQjRybVJmaUtLSFdRMVBSaU5xZUFUV3ZMVzdhOTBWNmZXak8tOGdVM0NYdElsQ0xCc9IBxAFBVV95cUxPaVNHQ2k0d0UyLWZIeDA5LXdRYTRQczFNbjVlWnl2eTBkRHdlUWhQOGFPb3ljWGduYmlLY2VISUdJdXZTOW43RktnNkxaMldHRV93Zi0xUnhreDh1VkdGRzJqUk5wR1B0b1RXekFIc0VkWEdUSHN4dHlSQWp0TTBwVGpKbXVZYWRZMDFRdWpJYkJBclpsaTExN2FvMEcxUG5rT3JEYVhOWmJEQWVhNVQ3ekJjWVdOMWlOcUpqYzNKOWZfQkRn?oc=5,satellite_deployment,False,1
148,2026-01-11 13:29:20+00:00,Google News,Why Rocket Lab Is Catching Big Defence Tailwinds In 2026 (NASDAQ:RKLB) - Seeking Alpha,https://news.google.com/rss/articles/CBMingFBVV95cUxPaTNwazFJOVdhdVM1eDNQUURDalJPQXI3WUR4dENVWVNFaDVXcGdpUllZY0poRlpEcjlKUGx6NjlDcHpreDNVUjMtNWJmMkVJUlBHZzdsa0tiSE5TWFpma0Q3Y2VPQmYwSVhmUmFnczBkRlV2NVNXTGllLTBwTWpBY3Q5YjhBMjI4YmtpV2FkVHoybWtMYU1qVDJ2Q0xxQQ?oc=5,launch,True,1
214,2026-01-11 13:27:57+00:00,Google News,Van der Dussen: 'Don't have to be a rocket scientist' to know India have advantage - MSN,https://news.google.com/rss/articles/CBMipANBVV95cUxOZUxwNEFYdjB3QzJlNzRGRjdHcENnS3VPYUU0ZWkwMHlRcUpPVmllNWg0V0JBcENqZEVYLWI2VFhJbTM2WEF0WTVZcTc3bEgtUUVkdHlBSDRadjJGOXZvbWhtd2ZPU1hZdTBOTzBCUi01MjNrYTdSc3hwOEMyZU55LWhYd0xRenFXZTFlVVI1ZWVTRDlmU1Bzc09ZMDJBX1ZGdmt0NlVpSWY1TVJGVzhKeWNmcFU2NDhOLU8ySkZhbjl3bWpKVnJ0TS1tR0huOG9acFB4UmRjWEUyUG5seGxZOXVPcGN1REttZm1lWFpRUTRFMW12NFBEMm9DNUthcE5SekFnVmhyRlRScU9IbTJqbVRkUllBeUhVZ3JyRHJzdk4zNzJITC1NMXZ2cGE2ekRPeDZGaHgtcHlseTI4aWFXRXFaYXFOc2E4d0g0aXI1MTZRTC1XdXZPcDlHS29pQjE3NlBFcGZySGpKNG5LeUV4bm5FT0c1bnBQdzRlVG9BcVVablA1Qm9ONzF6eThCb0pOVzd3YWx5dmEwaF9ZaVBfa0E1LVA?oc=5,launch,False,1
157,2026-01-11 10:27:13+00:00,Spaceflight News API,SpaceX‚Äôs Twilight rideshare mission set to fly from Vandenberg,35273,launch,False,1
73,2026-01-11 08:00:00+00:00,Google News,ICEYE Confirms Deployment of Two Satellites After SpaceX Twilight Launch - Nordic Defence Sector,https://news.google.com/rss/articles/CBMitgFBVV95cUxNZ3dPc09FcDdJak5EVFF3RTVoc3VJSnJBdnNOZ0JoUE9rbTU0eG41R01XU00yRkRmNTFhdVVXaW5SQU9IZTFyUVVjbmVhb1JvSk8yTWJ2dElPbEdoQU82Ri1oSlJRSnY0ajBDakV3MDNlc0ZlZzF0M21obi0xM1J3N3pySmpjTnZzMWttdExhYUFpY2Fzdy0ydW02LVZmakNody02emtwRHhzM29SYjJFNV9YbktQZw?oc=5,launch,True,1
202,2026-01-11 06:05:53+00:00,Google News,"US, partner forces launch strikes against Daesh terrorists in Syria - Anadolu Ajansƒ±",https://news.google.com/rss/articles/CBMirAFBVV95cUxOQW5kZjkwV0hTV2JaakxPY1FnQUVWMVFlNzRuMDhER3FLcXVCNjY3X1ZwdmRSWlNDSC1KaXlPY0YwNTN5TUhqYkNFUHU2aFRJM2VkbTVENEdrdHpPemxUdnp3SDlMRXhHdGZUeW5VaWU5SXIxV21QTUh0SWFzQjFlRUx4dkxSLS1LOUtuUE5DMm00ZXZiTHM3U0x6aUZWSzQtLTdHSzUyS3V5ZC00?oc=5,launch,False,1
64,2026-01-11 05:48:54+00:00,Google News,U.S.-Led Forces Launch Major Strikes on ISIS Targets Across Syria - kurdistan24.net,https://news.google.com/rss/articles/CBMiVkFVX3lxTE1sYWtCVDh4bmRxYjBTSVdqUU5CdGhJaWtISklkT2JZdjRWRkNYUHVXYUdVVi0zTGdGVWZvOXVlN29sbHZoUy05Tm5WczZyallhcHJjaWlR?oc=5,launch,False,1
41,2026-01-10 23:28:43+00:00,Google News,"This space stock extends its recent rally after a successful launch, Space Force contract - MSN",https://news.google.com/rss/articles/CBMi7gJBVV95cUxPdW1DZHI4cDFtWmhWSjE3ejlNYWRGel9vbzRIdlRwTGY3NzF0aXZyTlRFamRMU0dpNmJISmVDVVZ4TUdDRjFrVVB5bmJ0R21vbUNaNFRYOHlCb1l3VjROUmlHM2ttSUdFQ3BrbWdvNkNDWmJaY3NRaUJRYm9ldnBhUXU5bjhiSWNqYl92VGlBZS0tOWV1YVAzTWptYnFWQ0M3Slk2YkpsQWlSb0VzOFZlbGRUSldGbGhlX2JtN3M4NWNaWWxzdVdnMVlwU3plWWpUMlRIR0F4Q05nTTFwOE52UkhXRFo2YVVWZUZMRFFEN0lKZUM1OVZGNEJfNkE2VXB5QXUyRXJ5SHNmdTJ2Qnpqc2lXUXNBSS03QmpVM2w0ZjZLZGtGNXpTa2JHSDhjSTVma082SHRpWHQySXhKOWdFZkNVQW8wY2RxMklSYUtQVHgtY1JQRmdudmRscWdKVk15MGdITU5NOGhkN0xncEE?oc=5,launch,False,1
171,2026-01-10 23:27:51+00:00,Spaceflight News API,Live coverage: SpaceX to launch 1st ‚ÄòTwilight‚Äô rideshare mission,35272,launch,False,1
223,2026-01-10 22:07:07+00:00,Spaceflight News API,NASA Gearing Up for Artemis II Launch,35271,launch,False,1
132,2026-01-10 21:01:09+00:00,Spaceflight News API,NASA Marshall Removes 2 Historic Test Stands,35269,launch,False,1
110,2026-01-10 21:00:25+00:00,Google News,"What a $1.5T Defense Budget Could Mean for USAF, USSF - Air & Space Forces Magazine",https://news.google.com/rss/articles/CBMiggFBVV95cUxOazdBWjZXb0dxbFAtcDdzeC1KM05WN2s1X01LazUzZG54SWZ0ZmlCTUVCU1ZZOWRlVjRPSXpNV2RsZ21BSTRhclNpS2dpM0xneHIyN3U5WGZiYW9GcHRwX3NIQUFra21OOG12aUwydkdYYXRqYW04VXQtdmZQVHROeWpR?oc=5,policy_or_corporate,True,1
85,2026-01-10 14:01:55+00:00,Google News,What Happened To Four Mice In Orbit Could Change Deep-Space Missions Forever - Orbital Today,https://news.google.com/rss/articles/CBMiswFBVV95cUxONEpmcE9nU1RmM0JsVEVaZmE5NDlFZkpXd3pHaXlaLXZaU2JjeE5Pelk1QVJLMVZrMmJlaENrUFIzY3ZUZDN5QTNJMWo1THZNQVBURHhVdjNXb1dEUDZzU3UyTnRkU3FGbTJPbDd6ekdLcWIzUzI3Y2EyRXpvOEFiV3NLWXlOcXgzLS1PZjdQT2UtS2dmRU9wZHBqUTRYS2Z3UEwtZlRxbURHRXBDam9oVUhPSQ?oc=5,launch,False,1
78,2026-01-10 11:04:38+00:00,Google News,Russian military buildup on NATO‚Äôs Eastern flank revealed through satellite images - National Post,https://news.google.com/rss/articles/CBMiuAFBVV95cUxPVzlfN2xMZHExOWljZFZZTlVHei1vN2JKdnZrU01NTWxDVktvRVJYQkNVVExyd3F3ZzhSWW41c3Y2Y1ROdTBJNENSZVZVOVoxZVpwbTlhd01vX0hKSk1mYUhaS0FEUDVITC1TR1JING16aFlaSnItTWhkU3VzTE1VaEc1RWpaTVBrTDFZZjUzbjY5WkhRWjF1RW93Z0RoLTN0ZTlQWXNwcXJWd1VxRS1icjYyR25PeERO?oc=5,satellite_deployment,True,1
117,2026-01-10 07:28:04+00:00,Spaceflight News API,MaiaSpace to Launch ‚ÄúMinimum Viable Product‚Äù in 2026,35266,launch,False,1
91,2026-01-10 04:49:55+00:00,Spaceflight News API,NASA sets milestones on the path to Artemis II crew launch,35265,launch,False,1
210,2026-01-10 04:21:43+00:00,Google News,USAF Thunderbirds Arrive At Spaceport America To Prepare For 2026 Season - Los Alamos Reporter,https://news.google.com/rss/articles/CBMitAFBVV95cUxPdDluM0JRc1ZHSFgxR3FlSFdmYXp4SjBOaW9qZ2ZwUTk5ZlJLbVRKUmVGeFdCb1M1R0w5MXVBNWFYOGJtVDFSLVdtXzZkUzdPZ0lueDlIMzVsLUpCakhtdHBtUVdHMVZla1d0U1ZrUEdEMHdpV0U3MklhSE9WcTFjaFVzREFsMi1MYmV0ekY2TUdOeHlTc3d6VVNFWVZZRTE3NjhaTFljWU0yWEptdmtMdE0tbkc?oc=5,ground_infrastructure,False,1
92,2026-01-10 00:22:20+00:00,Google News,Air Force ‚ÄòThunderbirds‚Äô to train at Spaceport America - KTSM 9 News,https://news.google.com/rss/articles/CBMiqAFBVV95cUxQZ3g5SlFIS09iWjFNYlBERk1lWkx2cjhoV2o0WnVoRDEwQWE5dWdncEFXMnhGM0RES2pxTTRFZHlkSkRTeklHYzZEU3lKT2M1UFNIY1AxMjhLMjBmZ0VOM3RTQ3lJMVRDV205d0g4QmZFZ0xyUV9wZ0FVZUxWZ0NyS2lQY2Fsbkh2SkJubHc1dGJBNXFmWFo5bEszbTE5MzdXNmRRRlZsWkvSAa4BQVVfeXFMTlhYVXBkYzE3UFlNdzdHTVp3QXhoLW5UVDFrOXc0dkJvbGt2dGhBTGx1ODRpeWJQU1hnakFNeTJPZ1FQRUlMYW9EcXhhdHVCT1lRQnNjeDBMbG51bFp3R3FJelRORFJMejBqVFNjNDRJWnlONmxEY3ZKRVFzVzQ4R1NxNzFEN2RiLTlFLXVCMkllaGZTRnpyRWRDaTlpRVFfMHktT0lIZmFkXzc3N21B?oc=5,ground_infrastructure,False,1
101,2026-01-10 00:00:48+00:00,Spaceflight News API,Final Steps Underway for NASA‚Äôs First Crewed Artemis Moon Mission,35263,launch,False,1
217,2026-01-09 21:51:33+00:00,Google News,Space Systems Command Awards Task Orders to Launch Missile Warning and Missile Tracking Space - ssc.spaceforce.mil,https://news.google.com/rss/articles/CBMizwFBVV95cUxOeTl0RFY0SFNlYTAtQlY2YVUwclc0OXEyVy1uT0wzUEtUWXV0dG1wc2JTUlBHMmhreFQ4U2tNLUw2aFpZTEwzXzA4RWpoT3R2UERYR0J6QlVmQmh5RU04Z0gxRUVpUjhMeldjSXdJWURSUzh1MW8xankxU01wbnVJeEJJTG9XdGF1TDYyRmxwXzJJZHNqR2FoQlZkRTI4RWZ5dDNrVGNYNmRUcmJRam5VSk9aVFNZb1dGQVQ0RkdLcF9PeThFc0hSNEdqbXZxWVU?oc=5,security_event,True,1
63,2026-01-09 21:41:42+00:00,Spaceflight News API,"Shaken, Not Stirred: NASA‚Äôs StarBurst Aces Extreme Temperature Tests",35261,launch,False,1
113,2026-01-09 18:51:17+00:00,Google News,FAA formally warns operators of safety risks associated with faulty space launches - The Air Current,https://news.google.com/rss/articles/CBMimwFBVV95cUxORnFmS0lOMW9XZjhMV0FmTlV3ZW51S3VZdlFYMkJZV1lNT2I4Z1p5UDhkLXBCWjBZU0NKX2RDY3BycVZqVGhEa2NxYnJpaGM4MTd0bjM3OGM0OEE1U0hDQ1d6Z3VWUzRSdnJIVnBLcFotejZlNkF0eUhJWUdhcDc5TjFOOHlLVVkxYWQ0Nk12eGRTRU9MZklpa0thSQ?oc=5,launch,False,1
156,2026-01-09 18:36:08+00:00,Google News,IDF Eliminates Several Gazan Terrorists After Rocket Launch Toward Israel - i24NEWS,https://news.google.com/rss/articles/CBMiwAFBVV95cUxQdVA3MktKdm9idXI3dmdlRERTMjVnRUVocWR6NGdjOGt3U2NrcHo4OVNlQVNmZmxSeGpSYUdVRlZYMWpEcVZ6LVZpRmlJN0NrV05scUdXdXhQT05lT05vbG91bzJxVnBOVWFSNnRMNjNDZ2Q3bXMtbnV6WkZOUFh1UV9Ccm9qVUFGTE0zekR5QkhBTUJsa21FWllSZ1lBY050cFhmVHdTMDVJSTIxRE5wb1otaUlNZUpDWFZYYVM0WWE?oc=5,launch,False,1
179,2026-01-09 18:17:30+00:00,Spaceflight News API,Flight Engineers Give NASA‚Äôs Dragonfly Lift,35260,launch,False,1
33,2026-01-09 17:53:57+00:00,Spaceflight News API,L3Harris announces $845 million majority sale of Space Propulsion and Power Systems business,35259,policy_or_corporate,False,1
88,2026-01-09 17:36:17+00:00,Google News,"County Attorney Moriarty, Attorney General Ellison launch state probe of fatal ICE shooting - Sahan Journal",https://news.google.com/rss/articles/CBMirwFBVV95cUxOZlVidHhPTTlQbFFhTDNrOWg2YlVEQWluY1JNWVV0M0h4RUl0enp4QXYtUXMyTTFzOWZXM24wSl85WnYyMS05RWhtRFFOWGo5ZzYyZndFUnlVbkNxajBvaVFabWFrOVdqVXBpUV9nV3ZobjBJNXUtY044eEVPekdQLWtvcXNvRk9kdDlFamo0VFVsdF9oX2tIb1hLWVdubGs1VFFMeXFiT1oxNm5fc0cw?oc=5,launch,False,1
109,2026-01-09 17:32:12+00:00,Spaceflight News API,Landspace secures launch contracts for China‚Äôs megaconstellation projects,35258,launch,False,1
95,2026-01-09 17:29:03+00:00,Spaceflight News API,I am Artemis: Dave Reynolds,35257,launch,False,1
86,2026-01-09 16:30:00+00:00,Google News,NATO Fears Russia Is Developing a New Space Weapon to Destroy Starlink Satellites - Indian Defence Review,https://news.google.com/rss/articles/CBMinAFBVV95cUxPd3JjRi05eVQ1cXVuZGJCdjhMY0t4YW83bW41VUpfNklYT3BjM2UyV0g4ZmJtOGR6S0k1UUdrR1NiVG93bUtncU9Ja2xTOHNJM2wxS2xZT3JXc09CdXRwdGtoamJSNUJ1eEFaSnpnM05mTHZPTk9mekdCREVuWmlSZ1FPMWZpOW9sZElUbmNfcG45RkRmdHpfY3FSNlE?oc=5,satellite_deployment,True,1
80,2026-01-09 15:50:25+00:00,Google News,Rocket Report: A new super-heavy launch site in California; 2025 year in review - Ars Technica,https://news.google.com/rss/articles/CBMiuAFBVV95cUxNSlJ5Sy1mMmIzd3UtZ0JDZnk5dGdJRkhwVWtsN2pZa0Ywb2dyUzM1eGhSMnQ3SzZxYlFwS1dQQURrUTJieWxpRHZodGxVSENwYlJLTW9EVEhxY0drV1hjcG5NaVlnbFRnVmdzLWRvc0hrcEViUFhCMTVRQ3RkMWRSTlh1TTBfWHZaWFpweEdsdXREVHBKR2NSU01PV19XY1FZc0doYUlHN1lRbkxKYk15UzZ0SngyYWJ6?oc=5,launch,False,1
77,2026-01-09 15:44:40+00:00,Google News,"ISS astronaut evacuation shouldn't interfere with upcoming Artemis 2 moon mission, NASA chief says - Space",https://news.google.com/rss/articles/CBMi9wFBVV95cUxOVndDaXpzRDRaUTlsUzc5Y1haUmEwUWZzUmpfcy0yUHp6VmJYU2JyOWtnS1ZvbDBiSjhSdEdIdVNRallyZmtWejNpak5kRl8xcHJDSUY3OFlMMGtibGgycDNaODA1R2VvMUdwek1tVTBlYlgzZzB6QjNMeFcydzhMRGlRb3VfSURNeDJwazU0dWRKZmhFaEIzdzFaY2Y0Y0pieV9SaGhEcWFMZF9tckZDV2lZOVNqNFpEX2tCZnc3VmV4Ym9ZanAyTGNhRmNxOHBzQzQzR1E5Yl9pX1lLa1dSTnd6Q2NfbkdJbnZSYnVTSkotT2xfNkdV?oc=5,launch,False,1
104,2026-01-09 14:46:19+00:00,Google News,Bangabandhu-1 satellite‚Äôs PD removed - The Daily Star,https://news.google.com/rss/articles/CBMijwFBVV95cUxNZE9NN0ZlczhaeE1ON2gtWTNDR1hHTDFPZ2tVVHdTbjduTzdEeTBPSnUwMy05eEMwbzE4aHlLNXBwM2pmcE84TzF6UWlHcmhxenE5V18zT3Q3RUI5dXl3a193RnNiaUdxMlhsUTVjc3diVnd5a2toZGtNb0ZJXzR3RFo0T0picFlOYWZEVlJ2QQ?oc=5,satellite_deployment,False,1
125,2026-01-09 14:26:39+00:00,Google News,OPINION | Why Pralay is a strategic message of India‚Äôs future Rocket Force - theweek.in,https://news.google.com/rss/articles/CBMiwAFBVV95cUxOM2p4S2FfMncyMjJQU0ZxZHU0a3IyV1ZkRk1ZYXliNUNTVk92czJmUUQtc01zMWZHRGc1YU5pTGMzZURiS25ESXlDV1Y4QnQtdUxLb0JENFdPMTZJYmIta085clZPOHdDRlVJM2I3ZnBzRldZV3RMSzktcHlmRFg5MjNhVlFCVEZCeDJNckcteWZIQ0xndnc3cUNvZzNfaU5NN3pmckVscVB1WkFOakhtXzN6TkdXdFFBWVVDdDkzS2_SAcYBQVVfeXFMTlAwWDdxbHpTbUdFQkp4WllyamFlSE9kVFRVeWZRQ0g1WXF3S3JfSEJleVNIZEtHdkEyRXcxa2hOOG56by1hUVRVek5Ld0tqY2JmUk1fNWpmY1p3VEUtM2QxZFFxVk9wbXRucDhXSy1UVXZZR3dRZENILWJWMnVPMHdpdnNCTmxIQUlvbVZGemsxM1JLN3JEVENVdElGN0pzWVEtY3R4NFlKTGZ2R3c5dlhmakwzb0lXWG9vTHZzTVJTdjB4NXBB?oc=5,launch,False,1
89,2026-01-09 13:29:54+00:00,Spaceflight News API,China tallies record launch year as lunar and asteroid plans advance,35243,launch,False,1
123,2026-01-09 13:29:54+00:00,Spaceflight News API,Tiangong science program delivers data surge,35245,launch,False,1
151,2026-01-09 13:15:51+00:00,Google News,Czech Defense Firm CSG Plans IPO Launch as Soon as Next Week - Bloomberg.com,https://news.google.com/rss/articles/CBMitgFBVV95cUxQdXJUbFhNa2VWQ3h6YVZlS0pCaHRDRWpJMndpRDFDb3QxQUtUdEUwNUxMNFpEMFVJaV9wNkFOeHRvWGVHenotY1JjcnF2Z21LaE1ZNjZYczhIX21OOXpKc2RPeGs0OVhyR2lBckRCcVBNRDdpVVNWRlA3OERoOHFKVWZFNzlrWndzMUJNaHJmVm53U0o3Wkh4Q0pMMnJYMkFERU9aOURLSzAtc1VzRmRVeXZmcFhvUQ?oc=5,launch,True,1
102,2026-01-09 13:04:38+00:00,Google News,Shares of Canada's MDA Space rise on new contract with U.S. Missile Defense Agency - Yahoo! Finance Canada,https://news.google.com/rss/articles/CBMixwFBVV95cUxPR0hOUmQ0ZEV1MFl2VEJldFBWSVdtV3NYaGN2cEZEUlg0SERISE5UcDFFVVV6YW5McVlfZWZ4X1ZJYUFCQkh3UWYxU0VnSm11bjFFaXNtbDN4dUxONHZJUXpuaWZFNmU3SUNfUTdPN3A0N2ZpZUR3SWVsbUFXZWdtMVBoaEZkeEl5TGRhU29sSC1RWFkyZlVycWgyQmR2RXdtU1dqcVNiZVRfRU5rcEhUclRsSkw0Zk5qcThUQ1poVk1fVjU1bmtB?oc=5,security_event,True,1
61,2026-01-09 12:14:27+00:00,Google News,SpaceX activates Starlink satellite internet in Iran to bypass blackout - middle-east-online.com,https://news.google.com/rss/articles/CBMioAFBVV95cUxPTWd6R0FQekF0TVhJWFc5RHlYMjcweGljNGhFdzZGNUFCTHdiX0tnVG92by1paHNsLWVnRVBfWWQ3R0wtN1M4ZEU3TzZxcnR1Tll5aUEtY25qOGY1M01CaE5zLXR1c3JmWkU5bjFfWFMtdzcwekNsVmJaQ3V1UlkxdUdaNlRaVjJlN2oxQ2F3ZUJRMnNvRjh0SWVvaVdWRUMw?oc=5,satellite_deployment,False,1
190,2026-01-09 12:12:58+00:00,Google News,Assessing KBR's Valuation After New US Defense And Satellite Contracts - Yahoo Finance,https://news.google.com/rss/articles/CBMiiAFBVV95cUxPdmhDcFhVVHBqVllQNzZfTDV0Umd2Y3Vuek5ZM2VaanVGSFBiQmx4VW9QNzRISW8zSzBBOFFKQmxRLTZMMVgyTW40bW5YZmU2d0xuZ0ZEanpYRVNSQ25mdWVwa0xfMzlFc29ySmtoNkNoQWJrSlZ3R0kxeVNXOEJzZUxfTTl4cEJm?oc=5,satellite_deployment,True,1
216,2026-01-09 12:00:00+00:00,Spaceflight News API,The U.S. will seize space leadership ‚Äì or China will take it,35240,policy_or_corporate,False,1
48,2026-01-09 11:50:00+00:00,Spaceflight News API,Assembling the first Ariane 6 with four boosters at Europe‚Äôs Spaceport,35241,ground_infrastructure,False,1
232,2026-01-09 11:22:31+00:00,Google News,HEDGE-8008 | 8-element CRPA anti-jamming solution for robust L1 GNSS protection - Unmanned Systems Technology,https://news.google.com/rss/articles/CBMiggFBVV95cUxNUFh5U0FIbF9nN1dKcDB3MW9LQ0UtTFN2amRnNGxIaU1Ba2pHeE1SNEZXdVNXS1Y5V3Z5ZU5xVHdBQXRqal9mekdQcXh0eWNhbDZVb2NRU1ZtcDlWYktXVjhaMVRaSVJNLUFtQWVBcWdXb195bUpYcXFGSkM0YjUyeGV3?oc=5,security_event,True,1
47,2026-01-09 11:00:15+00:00,Google News,Satellite Images Reveal Venezuela‚Äôs Massive Methane Problem - Bloomberg.com,https://news.google.com/rss/articles/CBMitgFBVV95cUxNOHpnVlY0Vjh6Tk41R1ZyT1M0aHFQTTlxWHlLV1V4WDhsaVUxLWpGcHZzZjUzRF9jamhrYXRHYjJFdm5kVVZ1M2hUYUd1NXpMa0NvVkNLc25YRkZkU21nM2JjQzhLM1RzNVFpVkpZM1NTQjRNaTRjR281SkNzcHJjZjhqdHJUWXJLNWFxMXJUcUJIb3pkNWxEbkR2d2xiMEY5Wno5S0x5LVc2cElvZGs0WXVjbGJ2Zw?oc=5,satellite_deployment,False,1
108,2026-01-09 09:00:33+00:00,Google News,French-U.K. Starlink rival pitches Canada on 'sovereign' satellite service for Arctic military operations - CBC,https://news.google.com/rss/articles/CBMinwFBVV95cUxOczVoRnRmRGFZckFidHJpbDM0U3ZPWkRTcndERTM4TTUyQkdMOFdGNHV4MGFTLTlvTTFSSnZEM2xETFhPbWVnSWw4S3BFd1NKV3JBa1ozRkVKaUVGQy1haU1WU0gxVTdHU3hqTXFCYWpzaEtNQW1PQ19JRFBoOTBISVNBXzZtazZRbEhzVk53X1FVU09raENJS21rUTJZV0k?oc=5,satellite_deployment,True,1
39,2026-01-09 08:04:25+00:00,Google News,What is Suryastra Rocket Launcher ?: India‚Äôs Indigenous Long-Range Precision Strike System - SSBCrack,https://news.google.com/rss/articles/CBMiwgFBVV95cUxQUTlnSmdxVHNFRE5QYWtLeXRGamRIYnhRNWpiUzcxOWRFbjRKSWZvSU5TSXdxQ0c4Zmlra2VJUlN4ZVBPZXozSnFSQmFsQmhURkgwWV9TOW1JUUNTdEZDQzFiRF9reE5EX0F5NHFJY1JrVzMwaUh1YnBJTHFnQWpraTEwVndnaTdZa2J0SmxlLTVCVXVFSWNMTXJuWUZFSlBxY0txb0F5aWlqbFhLVFVqbVdiUm00OEtZMHpiVXF2akhEQQ?oc=5,launch,False,1
74,2026-01-09 08:00:00+00:00,Google News,Space Coast launch schedule: - Orlando Sentinel,https://news.google.com/rss/articles/CBMie0FVX3lxTE5JVk9LUVE1LVNCRHZmQW04Y2wzWmVhOEdnRTJhRkxCS3Z4ZWNXQ2RpeHlRMTdlV09tc0prNWg1cS10cnZNYzFkemNPQTlScHZIX2JqUEFsUVhjQ2RZQ3hYMmd6bXZEMVlnSzd0aXhCS1JBWHd5OGdpbzYwcw?oc=5,launch,False,1
42,2026-01-09 04:55:00+00:00,Google News,Op-Ed: Space Trends to Watch in 2026 - Payload Space,https://news.google.com/rss/articles/CBMibkFVX3lxTE1HcURvT2N4YWhwS0xVbjBKYjhTY2xyUGhjalp3eHRVbHdpa0VTVjEtQ3pDRWtlNDJFSlBDNjBXa3ctNl9oWWg5SUYtSWN6bGtDYUJjdEZMR1FkaExPWFQzRF9fWjE3blVfTDU0cTVn?oc=5,satellite_deployment,False,1
114,2026-01-09 01:35:00+00:00,Google News,Israeli forces kill 11 in Gaza hours after hitting militant rocket launch site - The Japan Times,https://news.google.com/rss/articles/CBMingFBVV95cUxONFNwSUNmTzRaZ3g5OWd5Sno5MlhWQW1aMkxvLXZfOTN5bHg1a3VhSnlCejViT2tCUnVPWXpJZkUxVzljd2p0dGM5WVhQdGlhY1d0cEUxaXFPVE5BMi00MTVMSUJNb3BTSEdmemxwaEdteDZId3AxNXZ2UmNsazZWTUhKU09mZnFrUG9TZ3pKZm9FTUZpM2I5c293cDFOUQ?oc=5,launch,False,1
200,2026-01-08 23:53:42+00:00,Google News,Crew-11 to Depart ISS Ahead of Schedule After On-Orbit Medical Issue - space & defense,https://news.google.com/rss/articles/CBMinAFBVV95cUxPazFkYlR6NkRJbjlCYVZwUmpuUktEOUhxWTQ3ZnZxaXIzb1dDTXpxb3UzZmRfWFFQaU02eXlMcnRqZFRpYzZ2OXoyeUFPQVRSalRlRmRuNHVxS1B1dGc0dlZOeW5iYnpHdm5ncjFDeEl2RFRPWmRVYzRBWWdHZXpiM2ltYkxqbVFTZ1pFT1BTSl9qZkt4NTZFdHZJblU?oc=5,policy_or_corporate,True,1
76,2026-01-08 23:06:00+00:00,Google News,Satellite Co. Pays $175K To End FCC's Team Telecom Case - Law360,https://news.google.com/rss/articles/CBMimAFBVV95cUxOdFc5V3JPTE9UdE1sdzVNRUlhUmFOLVN3MUVlaDdadFYxQjcyNkVvRHUwUFVabEVETVpwaXRtT2JHV1pYa21WZjdCRHBOb3RRVmR2OG5TT2VjT09kc0VBSXJPb3hfcGNJT0JXMEQwa0x5Z0dVYUdHc3M5WWtINE92Z3BNUlFkclVKYjlFNlcxckRQXzR2QU9QedIBVkFVX3lxTE9hdzZMS3AxdWE1c2JqcXlRN2dpeFoyOVJhUWRsZ3BycnNXalhnTEV2ZHE5S256QU1XSG40UU5xNHpRWUE0STFoUFJWX2VxMWhrcUM2SzJB?oc=5,satellite_deployment,False,1
188,2026-01-08 19:38:02+00:00,Google News,US ‚Äòunlikely‚Äô to launch military takeover of Greenland: European analysts - Breaking Defense,https://news.google.com/rss/articles/CBMiqwFBVV95cUxONWl1Vk8xWWprN3dteVNleEJDUnR1bDZwQnYxdW16MjV4RUVncjBGazI1YzUwMmlVV2x5MEN6MEFlNTZSVUxiblJSVmxma0tvLVRTVFljRXBPNEdOMkp2TkZReFlWZVVXdDMzdGRxaWpsX0RHMmpDQVFBU3VSdWdaYW5xcndGMnJaVXk0eWxsWTZ4ZE5Fek5iUUJfOUx4clAxMXlHenpxb3RaSmc?oc=5,launch,True,1
126,2026-01-08 19:26:06+00:00,Spaceflight News API,NASA to Provide Media with International Space Station Update Today,35227,policy_or_corporate,False,1
115,2026-01-08 18:58:57+00:00,Spaceflight News API,The future of Starship‚Äôs Pad 1 tower and launch mount,35226,launch,False,1
50,2026-01-08 18:03:05+00:00,Google News,Satellite Operators Opposed to SpaceX‚Äôs Planned Direct-to-Cell Constellation - Broadband Breakfast,https://news.google.com/rss/articles/CBMiqwFBVV95cUxQOGNxWHZpWGVmNjJFeHhpazFrNUtEN2hJdzRTWFN0SmFNbFNBaU9kbVRYYTVQWl8tanV6ckQtTHlWNVRZN3RzSUUxYU1CVGc2cUhkTmxGVmNFMGJGRHJhRG5fNGpxS25DdGNxUDZEMk04TjFQUjduemFDbTBMR193dW5IeGN6SXZnOGdNQ3lDU3dxVlVXZWFaN2RVbXB5Q2JFU0g1MFlzN3pWc28?oc=5,satellite_deployment,False,1
57,2026-01-08 18:02:00+00:00,Google News,Aerospace Supports Satellite Concept for Imaging Apophis Asteroid Flyby - The Aerospace Corporation,https://news.google.com/rss/articles/CBMingFBVV95cUxOc2FWT2luQ3ktaWpsN29NZWRMRjB0Z2ZTYXZXQ01PMTNmMTVweldDWVRfUnhiZWRSbXJPRGdDZFZKVDdSazNyU3cxclJvOXFYemx5RGx3S0N5YmFBZU95MTlQZ2pDMUt0anp4VkhVX2x1bzFydzBmRDlpaVIxd3p6MDdmUWRubDRjVDdrRTQ3YkhvalpkZmdJdWhBbTVUZw?oc=5,satellite_deployment,False,1
62,2026-01-08 17:27:02+00:00,Google News,"IDF: Gaza rocket misfires, falls short near hospital - The Jerusalem Post",https://news.google.com/rss/articles/CBMiXEFVX3lxTE5CT3dWSDRtTjBiVUg0S1Nld3RBQVdWaFcyY2pfT3BGNFVMcUtaLWJDUXlrZElfM3JtRkdBOEFLMXNkUnI0aEY2cDF5bG9FS3Q3S19ERTBmUlphLVJU?oc=5,launch,False,1
20,2026-01-08 17:20:46+00:00,Spaceflight News API,Best of 2025: Artemis II Countdown Demonstration Test,35225,launch,False,1
81,2026-01-08 16:00:00+00:00,Spaceflight News API,2026 will clarify Europe‚Äôs new priorities for space,35222,launch,False,1
152,2026-01-08 15:40:31+00:00,Spaceflight News API,ESA ‚ÄúWaiting for Spring‚Äù to Launch Themis Reusable Rocket Demonstrator,35220,launch,False,1
93,2026-01-08 14:19:42+00:00,Google News,Hackers Spoof Office 365 Domains to Launch Stealthy Internal Phishing Attacks - Petri IT Knowledgebase,https://news.google.com/rss/articles/CBMicEFVX3lxTE1wV1JPTzVoLWM2MWxHUGEtNGFBQS1EbjY2QXA2SmVEbTJWSFBKOGRwSTZZaFlpUVVhZHpqVVJGLXhnUWRFYW1DNDIwTE1JanVTeVhNekV4a0N0YzNFMmk0RkpzZ0tocThSeXFOMEFVeU4?oc=5,security_event,False,1
31,2026-01-08 14:04:06+00:00,Spaceflight News API,Vulcan to open 2026 with national security launch,35219,launch,False,1
94,2026-01-08 13:59:49+00:00,Google News,First launch of 2026: ISRO to lift advanced military satellite EOS-N1 Anvesha into orbit on January 12 - Tribune India,https://news.google.com/rss/articles/CBMi3AFBVV95cUxNaHBqUk1rb3FNLVNEOGpLaTRqV2ZSLWtkS3RVV1p5V3lZMnJtWGU0VDh6V212aHZaaGZXVm1faGVNc0FCc011eWdvZUFOU2xNaWxrUkpFeVdmakNUNlY1NjUyLXdSMXQ2VFZjZVlMT2p6aVBwY0g3SDFWTFU1bWNwWVBoOVRqLU5RZ0VJUjYzWExaQVE0bDRMNHI4Q2w5M2dhZm0yV1FfdmgtM3NFSGl3SFlBT20xRnY2TlJ4ZXl4djNRbWphNGotN01uLTdUcFl0aE9aQWhiNjhMWWF0?oc=5,launch,True,1
70,2026-01-08 13:30:00+00:00,Google News,Russia‚Äôs anti-satellite test put astronauts at risk and threatened Starlink - MSN,https://news.google.com/rss/articles/CBMi6gFBVV95cUxPbHlkS1V4RVFPb0ZuMkMzb0Fmd25MaS1BMk82UHJuYUZteUxZY2FlSVJxck40YUplYjh0aTk1cDRXQVlHRVVCOTlHODczaG1PS2tpQ2JoWEQ4WHBBeFRpMExPb3FvTEZaeU1oTnhhTVhyM0hmbzVFWG5XSUdpaXE5R3RqbzhGSkFmT3FnXzgzTFEzTVBTd3RLN3FIS2Q3eEgxckNDRUo5MzVwTTFKWm16SWh3dHJMRWJUNllHb3Z6R18wUk5RNXljc0tTUXNEdHhsNFd4X2t6MXdDb1NvY0JTYlVtcmZlWHRDMHc?oc=5,security_event,True,1
145,2026-01-08 13:15:00+00:00,Google News,MDA SPACE SELECTED BY MISSILE DEFENSE AGENCY FOR SHIELD PROGRAM - PR Newswire,https://news.google.com/rss/articles/CBMiuwFBVV95cUxNNUdXUWo3Q0hRU2I2NUxMY1k1NVg0dENvSFEwU0hpZWtIV1RidmpFVG1vUjJpLXY5UFpoTHFTYnRqZHhaa053cWUwd2JLOHE3ZWYwdThKWXlZdmo1OXlENy1RT05Xcy1YLXFtcmN3TTJkaWZWLW1XSzFCYmhQQTVENEYxQTJFUjI4NWVneTZuVVZqa1JsUnVBU0ZyQmZDck9tRVJlRlRXdE92Tm1xWUJiQzZRMDFSNGdQVEdz?oc=5,security_event,True,1
45,2026-01-08 12:34:26+00:00,Spaceflight News API,ESA Strikes New Deal with NASA for Its CSOC Commitments for the ISS,35214,launch,False,1
43,2026-01-08 11:30:00+00:00,Spaceflight News API,ESA Director General‚Äôs 2026 annual press briefing,35212,launch,False,1
65,2026-01-08 11:29:02+00:00,Google News,Hackers Launch 8.1 Million Attack Sessions Exploiting React2Shell Vulnerability - Cyber Press,https://news.google.com/rss/articles/CBMiYEFVX3lxTE5sVjBHQ29hZ2dhOGdTTUhuakNXazRZY1U3cXRmM3JPY3hvd0h6ejllOGp1aXZOcGFHWnQ1eWduUlVVRGU4Tk15b3VMQld4NXkwQVFMcENCWHlneU14YlpPUg?oc=5,security_event,True,1
107,2026-01-08 11:28:04+00:00,Google News,ISRO‚Äôs PSLV-C62 to launch earth observation satellite on January 12 - lokmattimes.com,https://news.google.com/rss/articles/CBMirAFBVV95cUxQY3htQXNtenhmS2VYa09GZXFmSUg4SXRwZmgyNDA2ZVZPUkd6QjgyZVAtUFVCZm40WlpPTjBCamJPSnRqUy1ONTA4QlIzN0F2bHlUQ09tLTVZVmlEVzNZR3dZRUJRX2VPVFMzSVNrQk5ERHB1WXJxcTVVVThtWG9vY0MzUUV4LTBHLVI2Rk5oaVlJVkNiaUJRdzh2ekNqQVMwd0pCUUFqdzFzV1k40gGyAUFVX3lxTFB2OWZIai1pUHlQQ0RwZGk0NENwT1N1UUxNSFZaNDE1VTF2Wm1JZVM0dDc5c0V5bjNxLVM3MVRWNTUzZS03S2duUndGVDhvM0Z1cldFUW1pUkpOZUVFTXBGQkszOVlUcEVPa3RMcTZxbi1CVEFFRzdRSE1Hd3JUMzhLRFBjb3ZVaDFXbzA2dG9Ld211bTlQTGM4QTd5QzJrRFBWeW43UkpnRXpRZEZWZ04zM3c?oc=5,launch,False,1
140,2026-01-08 10:00:00+00:00,Spaceflight News API,ESA preview 2026,35211,policy_or_corporate,False,1
225,2026-01-08 09:38:00+00:00,Google News,Daytona Beach Police Department to open satellite office at local hotel - Spectrum News 13,https://news.google.com/rss/articles/CBMirAFBVV95cUxOc1U3b1FKeWdYZlM3ZHhqUG9aMi1mZlBXV0NOakJHb3dVeENNZ1lTY2c1anYwb0dUMkFGNzlaNS1BRVl5cWU4aEFmNnhjNl9xT3hoQWxERnRINFNfbFg2OXhKVGhkT1BaX2tDaG93c0xYYWl5dGpGZzlUVkhjSlQ1bTNWdTUycEtHcTUwT21qRTlCTU50NXJTeF9LYkE1RFd2eXJmVkE5eEtoR2I0?oc=5,satellite_deployment,False,1
46,2026-01-08 09:12:29+00:00,Spaceflight News API,Sierra Space finishes first plane of SDA missile tracking satellite structures,35208,security_event,True,1
99,2026-01-08 09:12:29+00:00,Spaceflight News API,Starfighters Space positions for rapid hypersonic era missions,35209,launch,False,1
111,2026-01-08 09:12:29+00:00,Spaceflight News API,Defence backs Australian STARS system for autonomous space threat detection,35207,security_event,True,1
112,2026-01-08 09:12:29+00:00,Spaceflight News API,US Space Command APEX summit explores AI for campaign planning,35206,policy_or_corporate,False,1
146,2026-01-08 09:10:00+00:00,Spaceflight News API,ESA and Playmobil launch Mars mission collection,35253,launch,False,1
29,2026-01-08 08:00:00+00:00,Google News,Runny nose in space poses a threat to astronauts - Universe Space Tech,https://news.google.com/rss/articles/CBMinwFBVV95cUxOU2tCaGRhRUhaWTZaczhxcDBLRDVXZzhjaE54QWZZRmZhbmRZMzNpN01lMm03ajZxbzVfbEtQNjJDTkZsVXlrMkZrTG1UTWtnTjNDMHo3cEJ0bnBnSDVmTjUtaWNMeGp3VEdhOEdNUVplWW5TMGZRRzlrdEJZVXhfN3JPak56MEFoZ3E4VFlIT3hNM1JhaXhualdmQ0xGTEk?oc=5,security_event,True,1
56,2026-01-08 08:00:00+00:00,Google News,"Glory | Mission, Launch Failure, & Facts - Britannica",https://news.google.com/rss/articles/CBMib0FVX3lxTE52SWh2SE5tRWtUNUtwV0d5bURMTGdpVlNINjRMeEl5dmVRbklWbFJCUlAtaktTWEpUa0xoRTF6WHdzVTRyUE13emhrMHM3eXEweGllejZtdktMZk1zdnNxamM4dXg3UWZfa01RaS16QQ?oc=5,launch,False,1
58,2026-01-08 08:00:00+00:00,Google News,"International Space Station (ISS) | Facts, Missions, & History - Britannica",https://news.google.com/rss/articles/CBMibEFVX3lxTE5IU09UU1ZGMUE3cHZaRVhDc182eC1NQkVwM0Jtb0Uydmx0QXlONVFGeG5yeDVRSzV2b1BBRmExM191djc3aWdyaWNGV0I2ZHVtZlVPQXpNMnUwMDZkV1VfdGF3YU9ibDFsWjU4eg?oc=5,launch,False,1
40,2026-01-08 05:14:32+00:00,Spaceflight News API,Second ESCAPADE spacecraft completes key trajectory fix on path to Mars,35195,launch,False,1
51,2026-01-08 05:14:32+00:00,Spaceflight News API,M dwarf plasma torus offers window into space weather and planetary habitability,35199,policy_or_corporate,False,1
100,2026-01-08 05:00:03+00:00,Google News,üöÄ The US Space Force faces drones at Cape Canaveral - Techno-Science.net,https://news.google.com/rss/articles/CBMiogFBVV95cUxQNWwzelhiMzVjb0ZNc0RocWsxTHlPcElEMmRiU2JBN3NodTZob2lEbExPTndaSXlqWHdxS2NtTzlCcEdkN1B6SFphSzhYU0haancwZFlBUDg1MGpuaU1KWlg0RXp3SW8tZDdCQUJCUU1QZnVrMlV2MHd2NUJWcVlySFJFd2RWa0JqM3Z5QlBJS2ltU280UGdyaV9mOXNIZFFXT0HSAZ8BQVVfeXFMTlRqb21HMUNSOG5pNWM4NWtLMzNoMnhZMWZ6b3JSUndPd0x0cUFDRHBlaHV6cDNTRFBPai1jcjlqTnU2QjRuVHhYMWpCZTlmRUl1YWdXZHBCeDlnWWpNenJSdUVTMU1LZUFVZG9lazBZNjZ0SXd5WUxPMmJRT3hRWkZhQ2ZEcDhFYkRselZfWWxoMUxFMGtwYnBaRk5TSjY0?oc=5,policy_or_corporate,False,1
23,2026-01-08 04:38:00+00:00,Spaceflight News API,NASA continues to work toward February launch of Artemis 2,35204,launch,False,1
38,2026-01-08 03:10:35+00:00,Google News,INNOSPACE Signs Launch Site Agreement with Atlantic Spaceport Consortium in Europe - space & defense,https://news.google.com/rss/articles/CBMirwFBVV95cUxNRDZkUjYyU2NXQTRHQmZ2NWhxMXRzVXVpaEV2M05OZmNIZGRrV0h6eEl0M3VHdWwzNnRjSEhPY29iWGZ3U0d4MXd2NGJxN29NeFJHSXRsaEcyNnJrT1Rrb28xSmx0ZnZ1TFRDVEJnR2pvbGtSQks2czFWVTFTSGdzZjNXN01oU3ltcGM0WWlfaHFUNE9LOTFWNkNtQzRYdkNQREZ2UmpwMVdYNW0tT3pF?oc=5,launch,True,1
44,2026-01-08 00:41:15+00:00,Google News,Japan postpones H3 rocket launch to investigate previous failure - Xinhua,https://news.google.com/rss/articles/CBMifEFVX3lxTE5NbnNKUXJUaENOZ3pnVEs5dEVXMkhBdTF3NU9Vbks5eTlPRVlyejBYUkNscDRieDR5SWtRTHYzU3p4NUdMM1lIY3c4WTA5TUMtdi02dGNNMGxhSXUxTlJoeHF4OFBJb1dxMmhxT0MyU1NxdU5iYWlGU0tFQXI?oc=5,launch,False,1
28,2026-01-08 00:03:30+00:00,Google News,The space war will be won in Greenland The High North is a vital strategic asset - UnHerd,https://news.google.com/rss/articles/CBMidEFVX3lxTFBQQWRQTHU0am1EZDRWYk91eFZKM2NnSHUweXdNYm92TG5wM29NQ3l4eUJXZlJBenRoU0lWLU5QSndpN3IyRnlkQzJ6Si1VUEloYWI0NzFFY1JYMFJaYVdnWWkwX2RjWVFzdnE3MzBid3FYOExw?oc=5,policy_or_corporate,False,1
75,2026-01-07 22:40:11+00:00,Spaceflight News API,NASA Celebrates Artemis II During Houston Texans Space City Day,35191,launch,False,1
19,2026-01-07 20:21:00+00:00,Google News,Rocket Lab: We'll wait for Neutron rocket to prove its reusability before we start investing in our future constellation - Space Intel Report,https://news.google.com/rss/articles/CBMi5wFBVV95cUxQX1BvUXhzMWo2cjVwOGZFN0FlNFlhVVd6X18wZE0zQ3oybVR4UTViM1hMNWxOcGVlV2VIdzlObkNwc01rTWd0NXNNQjhEckZ3UXl3eEk3eGx6STQ1VEd3M2xyTGI1cUt2Y3VGZm9RMGlaTUtERjlmeWNRWGxkM0ZNR0tjVTdnQTJpUFA4Tkd1aDNxaWVZblNvQy1VeV9oRmZzdDI5eUhEbFo3S0stcHV4TnRzLWF2LWdTRmU1aGE2VHBBNmw2U0tpeGM2ZlFiVFBNaHNESmM0OW9sdzRLZm45bzlzY0VuREk?oc=5,launch,False,1
139,2026-01-07 19:49:01+00:00,Google News,Updates: Syria to launch military operation against SDF in Aleppo - Al Jazeera,https://news.google.com/rss/articles/CBMirwFBVV95cUxNNGkxNjI4NWRCN2xtV1JkS0kxQThMOGtJLS0tbVRmdUxuVzF4U0xiS1c2WW9ad2ZhdjlkSktvU3BJVUdSUHV3NjF0MHV4Nk92aGpVdHFoUVFuSG40Z2ZkckNBay02V0I3czRJMFpra2ZXcVJHTjNtR2tFTGhFeGVmSmhJdkpsZ1ZlNTExc1BtSGVoTmNxRnM2QjlRUDAyX1NyMjBaZ2JKdkhwbEtzaWc40gG0AUFVX3lxTFB5WjBYZS1fRkRJZTJFZGs2Z1lIV0xfODBhSjlMejZqUjJvdElOY0FZWU1qakV5NXVkTEJicE1tWHJhN01VZ25tcWxCZXZLdGFObGlCbGRBbmdWd1BSLXpFUGxZYXNtM2ZNdzlXZnhWTlpvenZKNDNIVUVWYjNrS2ZKSXZJQll0UXBxS3QtcEpDUS1ScFJ0LWY4MGN4OHpjdjl1ZkVZVW5XNFRkOHk5c09QSUxFOA?oc=5,launch,True,1
71,2026-01-07 18:58:23+00:00,Google News,Satellite Images Show Damage From Strike on Oil Depot in Yaroslavl Region on December 31 - Militarnyi - –ú—ñ–ª—ñ—Ç–∞—Ä–Ω–∏–π,https://news.google.com/rss/articles/CBMivAFBVV95cUxPcHlFZU1nSFdCTTN0a2hndzRvRjlZZGlrb0U4TW1VdlVOMmRnQmJRczlySzFDck9Lc2xKTDRNanpGdk93VEJqcENLNm5ENHdRY0VLbVlvVlpQWGplTkRuRzNWRXZvNjhzM2UtZklORU94S3NpLVIycTRxUE5wTUpabVo2LU13eHp5M3lYZ0I4dEhJZ29XazhRZGZaeXAteVpUWkNlOHVKemxtYlQtYlcybElZME9ybFVvMUVMag?oc=5,satellite_deployment,False,1
72,2026-01-07 17:27:17+00:00,Google News,Mango Markets Exploit: Prosecutors Launch Critical Appeal Against Eisenberg‚Äôs Shocking Acquittal - CryptoRank,https://news.google.com/rss/articles/CBMihAFBVV95cUxOYW9mTFgzV0QyNHFnWF9iYkRVbTdiRnJaUU1MZTl5N0pVY05YeEd4allYV1poajRVMGt0YjktaVhRV1VqU3EwRXVkb3VEYk5KZkxJNjg4bVJVMTlRZVhyNEZvT1dQelJoeW01ZDREemdlSHd0cTNENkNLd3FKamVpSVpQcGg?oc=5,launch,True,1
49,2026-01-07 15:55:34+00:00,Google News,"Orbital Debris Threatens Space Operations, 852 To 9,000+ Satellites Intensify Risk - Quantum Zeitgeist",https://news.google.com/rss/articles/CBMihgFBVV95cUxNakk3Vjh4Rm9ydl9aZ0xfdktUWEI2Y1lrM1FHNm95SWxMcXpfRTVQQ29PWFpfSjY0SnR0OFNYRjNMeDIyQ0ZCaWl3UGpjYkpfc04tZTRSeFRaeUxZeEdCZ1BoZUJtaVpVWFBNX2JXeTVjOXZjZ2dWNkEzb1FsbXJqeEw3THUwdw?oc=5,security_event,True,1
106,2026-01-07 15:44:38+00:00,Spaceflight News API,Terran Orbital Appoints Michael Vishion as Vice President of Program Management,35188,satellite_deployment,False,1
30,2026-01-07 15:22:30+00:00,Google News,Hermeus Quarterhorse Mk 2.1 has arrived at Spaceport America - AeroMorning.com,https://news.google.com/rss/articles/CBMikgFBVV95cUxNOGhGVVQ5MUpTcVVuT0haV2w3VGc3T2tqbmlFNGtBZ29vVnpVdTN1a3NwN0tFRWluQTB6dTRtNmVFYzdOenFVVzYybjk4aXNhLXNfMjFWb3g4WVBiV1JkeFVLY1pmR3VHaERnQU1mV3JVUk8zU0syeS01Ump6YU9JQ1J3ak5OX0xPbmpQR0F3Z3VuUQ?oc=5,ground_infrastructure,False,1
35,2026-01-07 15:05:24+00:00,Google News,Space Force Year in Photos - petersonschriever.spaceforce.mil,https://news.google.com/rss/articles/CBMirwFBVV95cUxOdFBwSE1RRDItSXR1S3ppaVh6OUxHakdGWlRBdl9RTmZ1UGtBT3lfamhLLXRCNk43elYxVF9kdEhuVFNwV3BJWEF4SnNwQjAzN1JxTzRBek5mQ1pSeDV4THBQVklJRl9kWVItcDIyUzVhbUZRVlVPWkJSb1Y5QUEtTnU1b1JjcEg0SnlxNVJBWmlUTDAzZHo0QmxHaDdVZ09XdkhGWUNUQ25DRUI2UU9R?oc=5,policy_or_corporate,False,1
36,2026-01-07 15:00:00+00:00,Google News,Sprinto and Astra Partner to Launch One-Click Path to Audit-Ready Compliance - Morningstar,https://news.google.com/rss/articles/CBMi0wFBVV95cUxQTkQwZ3lWY3RCVXZiUGxXRnpoZ1lmVW4tVVhvMTdtU2NJMUliRndIZGd2UjFPM1BWN3NHQmlic0pCbG1TRGVWbzM3dnlNdi1WT1ZxSGNKYWUtM1ludDRndGpYU212OEpjRVJ0bjhUYmZxTFhQRDk2LWpXN0h1VkhPRVJ5ZG4tQ284UmFFc3RZMjB4bEdTdTRDU21SUTdkNV94Z1hVeHkxa3E4SnBvU2Y2c0pYR29kWHcybHVPYk1Oc29KRlQwSTZzTVNkVkppeTF1dVpv?oc=5,launch,False,1
37,2026-01-07 15:00:00+00:00,Google News,"Forward Edge-AI USA and Accrete, Inc. Announce Joint Venture to Launch Forward Edge-AI Japan - Record Searchlight",https://news.google.com/rss/articles/CBMi2AFBVV95cUxOZXRZX3ljQmMybG5xaHpWSjNwenFEVllxS3E3VHBWQXI0Mm4wazFRZzl2emhTZXlCT0N5dV80MXZOX3huTEJQcWJKcGIyaEd0cVNFZ003YjdKeFkzbGhYNFJqZ19QYWNHWjF3dmpkaFVlazJsUy1FNGU5anE3OFlNbndhNUJIeXdyUmNIQUJqeTBQVmVkS1JnUWxidTJMeFlnZkdodUlKWjlqOEFtQ3QwWGZwTmFWbS05Q2pDZkp4QXcwOEx1N01nT2ZVVUF2RzBGbGJtRkZycWg?oc=5,launch,False,1
55,2026-01-07 14:42:10+00:00,Google News,"Starlink announces lowering of 9,300+ satellite constellation in bid for space safety after another near miss - Data Center Dynamics",https://news.google.com/rss/articles/CBMi5gFBVV95cUxQRUo2RW1wNlMwYW1HUzdpbmFDYkNNbVhJZGtUdld0U0hUN0V0WWcxdHJBOTdXbFNwVG1JbjV3WUk2YnZDNkdWMEpnMXFYb3pEREttQ0dUcGRLdmhVV01DX251NS1ZcnpjWUhobW9mMmp0WmQtN0RYRExCYXlDMV81V2tjdU1JblNDTHlEdmRDVFdqU05XZnRqX1Ftc1VCc2R6Y3RUVjh3dG92d3VwM1RVNUVoN21FZmRpR3Y4UVVDQ19yeWFRZFJfc2lOcjJsZmpfZjVUYmdVU3pIdHE3d1BUcTNVYXFFUQ?oc=5,satellite_deployment,False,1
24,2026-01-07 14:12:22+00:00,Spaceflight News API,Aegis Aerospace and United Semiconductors plan in orbit semiconductor materials plant,35181,launch,False,1
18,2026-01-07 14:00:00+00:00,Spaceflight News API,SpaceX‚Äôs IPO will make space investment far less niche,35185,ground_infrastructure,False,1
66,2026-01-07 13:28:38+00:00,Spaceflight News API,ArianeGroup Proposes Ariane 6 Evolution Using MaiaSpace Boosters,35183,launch,False,1
